datetime,instrument_name,price,amount,direction,index_price,iv
2025-10-10 23:00:00.622,BTC-17OCT25-113000-P,0.023,0.1,buy,114042.45,52.05
2025-10-10 23:00:02.594,BTC-17OCT25-120000-C,0.01,4.5,sell,113989.61,53.79
2025-10-10 23:00:10.158,BTC-11OCT25-107000-P,0.0013,1.4,buy,113902.03,132.82
2025-10-10 23:00:10.170,BTC-11OCT25-106000-P,0.001,1.8,buy,113902.03,139.97
2025-10-10 23:00:12.720,BTC-13OCT25-104000-P,0.0023,1.0,sell,113930.29,80.68
2025-10-10 23:00:16.652,BTC-27MAR26-300000-C,0.0017,0.2,buy,113960.1,57.91
2025-10-10 23:00:18.017,BTC-11OCT25-107000-P,0.0002,0.1,buy,113970.4,94.46
2025-10-10 23:00:19.810,BTC-13OCT25-112000-P,0.011,0.2,buy,113903.36,56.75
2025-10-10 23:00:19.912,BTC-13OCT25-112000-P,0.011,0.1,buy,113903.36,56.75
2025-10-10 23:00:20.015,BTC-11OCT25-121000-C,0.0002,0.1,buy,113903.36,89.62
2025-10-10 23:00:22.560,BTC-11OCT25-106000-P,0.001,1.1,buy,113903.03,140.31
2025-10-10 23:00:22.952,BTC-24OCT25-117000-P,0.052,0.4,sell,113903.03,47.05
2025-10-10 23:00:24.757,BTC-28NOV25-120000-C,0.0445,0.1,buy,113922.39,43.59
2025-10-10 23:00:38.010,BTC-13OCT25-112000-P,0.011,0.2,buy,113942.86,57.18
2025-10-10 23:00:38.142,BTC-13OCT25-112000-P,0.011,0.1,buy,113942.86,57.18
2025-10-10 23:00:38.466,BTC-13OCT25-112000-P,0.011,0.1,buy,113942.86,57.18
2025-10-10 23:00:39.757,BTC-17OCT25-128000-P,0.1265,0.1,buy,113891.41,58.58
2025-10-10 23:00:39.763,BTC-17OCT25-109000-C,0.054,0.4,sell,113891.41,53.39
2025-10-10 23:00:39.773,BTC-17OCT25-111000-C,0.0415,0.4,sell,113891.41,51.76
2025-10-10 23:00:39.849,BTC-17OCT25-129000-P,0.135,0.1,buy,113891.41,59.84
2025-10-10 23:00:39.915,BTC-17OCT25-100000-C,0.124,0.1,sell,113880.64,64.73
2025-10-10 23:00:39.924,BTC-17OCT25-126000-P,0.11,0.1,buy,113880.64,57.12
2025-10-10 23:00:39.927,BTC-17OCT25-109000-C,0.054,0.1,sell,113880.64,53.55
2025-10-10 23:00:39.941,BTC-17OCT25-108000-C,0.0605,0.4,sell,113880.64,53.37
2025-10-10 23:00:40.011,BTC-13OCT25-112000-P,0.011,0.2,buy,113891.41,57.18
2025-10-10 23:00:40.060,BTC-28NOV25-105000-P,0.03,1.1,buy,113891.41,45.95
2025-10-10 23:00:40.176,BTC-13OCT25-128000-C,0.0006,0.1,sell,113891.41,73.87
2025-10-10 23:00:42.942,BTC-12OCT25-110000-P,0.0049,0.3,buy,113901.13,70.6
2025-10-10 23:00:42.944,BTC-12OCT25-110000-P,0.0049,0.1,sell,113901.13,70.6
2025-10-10 23:00:42.944,BTC-12OCT25-110000-P,0.0049,8.0,sell,113901.13,70.6
2025-10-10 23:00:42.948,BTC-12OCT25-110000-P,0.0049,0.3,sell,113901.13,70.6
2025-10-10 23:00:42.950,BTC-12OCT25-110000-P,0.0049,1.3,sell,113901.13,70.6
2025-10-10 23:00:45.513,BTC-13OCT25-111000-P,0.008,0.1,buy,113922.35,56.55
2025-10-10 23:00:45.526,BTC-13OCT25-111000-P,0.008,0.3,buy,113922.35,56.55
2025-10-10 23:00:45.665,BTC-31OCT25-150000-C,0.0015,0.2,buy,113922.35,58.88
2025-10-10 23:00:48.902,BTC-11OCT25-112000-P,0.0048,0.9,buy,113931.21,89.39
2025-10-10 23:00:49.209,BTC-12OCT25-112000-P,0.0065,0.7,buy,113931.21,54.56
2025-10-10 23:00:49.511,BTC-12OCT25-112000-P,0.0065,1.2,buy,113935.12,54.69
2025-10-10 23:00:49.710,BTC-12OCT25-112000-P,0.0065,5.3,buy,113935.12,54.69
2025-10-10 23:00:49.911,BTC-12OCT25-112000-P,0.0065,1.9,buy,113935.12,54.69
2025-10-10 23:00:50.811,BTC-12OCT25-112000-P,0.0065,0.2,buy,113939.83,54.69
2025-10-10 23:00:51.528,BTC-11OCT25-114000-C,0.0105,0.1,buy,113958.88,84.39
2025-10-10 23:00:53.937,BTC-12OCT25-112000-P,0.0065,0.1,buy,113989.98,54.79
2025-10-10 23:00:54.342,BTC-12OCT25-112000-P,0.0065,4.5,buy,113978.07,54.79
2025-10-10 23:00:56.792,BTC-12OCT25-112000-P,0.0065,0.7,buy,113979.55,54.79
2025-10-10 23:00:57.173,BTC-12OCT25-112000-P,0.0065,0.1,buy,113979.55,54.79
2025-10-10 23:00:57.393,BTC-17OCT25-108000-P,0.009,2.0,buy,113979.55,53.79
2025-10-10 23:00:57.643,BTC-12OCT25-112000-P,0.0065,0.1,buy,113968.14,55.3
2025-10-10 23:00:57.818,BTC-12OCT25-112000-P,0.0065,0.2,buy,113968.14,55.3
2025-10-10 23:00:57.912,BTC-13OCT25-112000-P,0.0105,0.5,buy,113968.14,55.88
2025-10-10 23:00:58.612,BTC-13OCT25-110000-P,0.006,0.1,buy,113968.14,58.23
2025-10-10 23:00:59.819,BTC-13OCT25-112000-P,0.0105,0.4,buy,113962.09,55.88
2025-10-10 23:01:00.192,BTC-12OCT25-112000-P,0.0065,1.1,buy,113962.09,55.3
2025-10-10 23:01:00.903,BTC-12OCT25-112000-P,0.0065,0.3,buy,113963.45,55.3
2025-10-10 23:01:01.948,BTC-11OCT25-112000-P,0.0026,1.4,sell,113948.93,67.89
2025-10-10 23:01:02.133,BTC-13OCT25-110000-P,0.006,0.1,buy,113948.93,58.09
2025-10-10 23:01:08.970,BTC-12OCT25-102000-P,0.001,0.8,sell,113970.8,103.82
2025-10-10 23:01:09.980,BTC-12OCT25-102000-P,0.001,0.3,sell,113975.27,103.82
2025-10-10 23:01:11.761,BTC-13OCT25-111000-P,0.008,0.5,buy,113995.98,57.23
2025-10-10 23:01:12.729,BTC-12OCT25-102000-P,0.001,1.8,sell,113984.47,104.06
2025-10-10 23:01:20.131,BTC-12OCT25-114000-C,0.0145,0.2,buy,113987.24,59.63
2025-10-10 23:01:20.377,BTC-12OCT25-102000-P,0.001,0.1,sell,114002.45,104.02
2025-10-10 23:01:21.039,BTC-12OCT25-102000-P,0.001,0.1,sell,114002.45,104.02
2025-10-10 23:01:21.218,BTC-12OCT25-112000-P,0.006,0.1,buy,114002.45,52.99
2025-10-10 23:01:22.470,BTC-12OCT25-102000-P,0.001,1.7,sell,114068.27,104.11
2025-10-10 23:01:23.012,BTC-31OCT25-114000-P,0.04,0.1,sell,114068.27,44.16
2025-10-10 23:01:23.012,BTC-31OCT25-114000-P,0.04,0.1,sell,114068.27,44.16
2025-10-10 23:01:23.012,BTC-31OCT25-114000-P,0.04,0.1,sell,114068.27,44.16
2025-10-10 23:01:23.012,BTC-31OCT25-114000-P,0.04,0.1,sell,114068.27,44.16
2025-10-10 23:01:23.012,BTC-31OCT25-114000-P,0.04,0.1,sell,114068.27,44.16
2025-10-10 23:01:23.012,BTC-31OCT25-114000-P,0.04,0.1,sell,114068.27,44.16
2025-10-10 23:01:23.012,BTC-31OCT25-114000-P,0.04,0.1,sell,114068.27,44.16
2025-10-10 23:01:23.012,BTC-31OCT25-114000-P,0.04,0.1,sell,114068.27,44.16
2025-10-10 23:01:23.012,BTC-31OCT25-114000-P,0.04,0.1,sell,114068.27,44.16
2025-10-10 23:01:23.012,BTC-31OCT25-114000-P,0.04,0.1,sell,114068.27,44.16
2025-10-10 23:01:24.349,BTC-12OCT25-112000-P,0.006,0.1,buy,114077.37,53.21
2025-10-10 23:01:25.136,BTC-13OCT25-111000-P,0.0075,0.3,buy,114077.37,56.04
2025-10-10 23:01:29.383,BTC-11OCT25-114000-P,0.009,6.5,sell,114161.48,75.92
2025-10-10 23:01:30.509,BTC-12OCT25-112000-P,0.0055,1.1,buy,114161.74,51.76
2025-10-10 23:01:30.511,BTC-12OCT25-112000-P,0.0055,1.7,buy,114161.74,51.76
2025-10-10 23:01:30.519,BTC-12OCT25-112000-P,0.0055,4.5,buy,114161.74,51.76
2025-10-10 23:01:30.520,BTC-12OCT25-112000-P,0.0055,0.1,buy,114161.74,51.76
2025-10-10 23:01:30.520,BTC-12OCT25-112000-P,0.0055,0.1,buy,114161.74,51.76
2025-10-10 23:01:32.745,BTC-13OCT25-112000-P,0.01,0.3,buy,114164.23,56.23
2025-10-10 23:01:32.746,BTC-17OCT25-110000-P,0.0135,1.1,sell,114164.23,54.26
2025-10-10 23:01:32.798,BTC-12OCT25-112000-P,0.0055,0.4,buy,114162.5,52.84
2025-10-10 23:01:32.864,BTC-12OCT25-112000-P,0.0055,0.5,buy,114162.5,52.84
2025-10-10 23:01:35.196,BTC-13OCT25-112000-P,0.01,0.5,buy,114142.99,56.03
2025-10-10 23:01:39.347,BTC-11OCT25-113000-P,0.0055,0.5,buy,114055.65,74.93
2025-10-10 23:01:40.319,BTC-12OCT25-112000-P,0.006,0.1,buy,114047.87,54.4
2025-10-10 23:01:41.307,BTC-13OCT25-110000-P,0.006,0.1,buy,114002.89,58.97
2025-10-10 23:01:41.731,BTC-11OCT25-116000-P,0.02,0.1,buy,114002.89,69.71
2025-10-10 23:01:44.181,BTC-17OCT25-118000-C,0.0155,0.1,sell,113987.53,55.49
2025-10-10 23:01:49.100,BTC-12OCT25-112000-P,0.006,3.2,buy,113960.35,53.39
2025-10-10 23:01:50.784,BTC-12OCT25-112000-P,0.006,3.2,buy,113952.76,53.39
2025-10-10 23:01:55.803,BTC-11OCT25-114000-P,0.0095,5.8,sell,113937.36,72.35
2025-10-10 23:01:56.014,BTC-13OCT25-110000-P,0.006,0.1,buy,113923.99,58.05
2025-10-10 23:01:57.344,BTC-12OCT25-117000-P,0.031,1.0,buy,113923.99,54.72
2025-10-10 23:02:03.012,BTC-17OCT25-113000-P,0.023,0.1,buy,113983.83,51.85
2025-10-10 23:02:03.315,BTC-12OCT25-112000-P,0.0055,1.1,buy,113964.42,50.43
2025-10-10 23:02:03.318,BTC-12OCT25-112000-P,0.0055,5.4,buy,113964.42,50.43
2025-10-10 23:02:03.327,BTC-12OCT25-112000-P,0.0055,0.1,buy,113964.42,50.43
2025-10-10 23:02:03.330,BTC-12OCT25-112000-P,0.0055,0.2,buy,113964.42,50.43
2025-10-10 23:02:04.015,BTC-17OCT25-113000-P,0.023,0.1,buy,113982.27,51.84
2025-10-10 23:02:04.182,BTC-14OCT25-115000-P,0.0275,0.3,buy,113982.27,58.73
2025-10-10 23:02:05.023,BTC-17OCT25-113000-P,0.023,0.1,buy,113959.03,51.66
2025-10-10 23:02:06.024,BTC-17OCT25-113000-P,0.023,0.1,buy,113956.05,51.67
2025-10-10 23:02:07.027,BTC-17OCT25-113000-P,0.023,0.1,buy,113956.19,51.69
2025-10-10 23:02:07.596,BTC-17OCT25-113000-P,0.023,0.1,buy,113956.19,51.69
2025-10-10 23:02:08.027,BTC-17OCT25-113000-P,0.023,0.1,buy,113953.7,51.67
2025-10-10 23:02:08.121,BTC-12OCT25-112000-P,0.006,0.1,buy,113956.19,52.9
2025-10-10 23:02:08.463,BTC-12OCT25-112000-P,0.0055,3.0,sell,113953.7,50.51
2025-10-10 23:02:09.023,BTC-17OCT25-113000-P,0.023,0.1,buy,113938.19,51.55
2025-10-10 23:02:09.609,BTC-12OCT25-112000-P,0.0055,6.0,buy,113938.19,50.51
2025-10-10 23:02:10.028,BTC-17OCT25-113000-P,0.023,0.1,buy,113942.35,51.57
2025-10-10 23:02:10.672,BTC-12OCT25-112000-P,0.0055,4.3,buy,113942.35,50.51
2025-10-10 23:02:10.909,BTC-12OCT25-112000-P,0.0055,6.0,buy,113942.35,50.51
2025-10-10 23:02:11.032,BTC-17OCT25-113000-P,0.023,0.1,buy,113950.19,51.63
2025-10-10 23:02:11.324,BTC-12OCT25-112000-P,0.0055,0.2,buy,113942.35,50.51
2025-10-10 23:02:11.720,BTC-12OCT25-112000-P,0.0055,3.5,buy,113950.19,50.25
2025-10-10 23:02:11.979,BTC-12OCT25-112000-P,0.0055,5.7,buy,113950.19,50.25
2025-10-10 23:02:12.549,BTC-17OCT25-113000-P,0.023,0.1,buy,113959.78,51.71
2025-10-10 23:02:12.591,BTC-12OCT25-112000-P,0.0055,0.1,buy,113959.78,50.25
2025-10-10 23:02:12.788,BTC-12OCT25-112000-P,0.0055,4.2,buy,113959.78,50.25
2025-10-10 23:02:13.055,BTC-12OCT25-112000-P,0.0055,5.4,buy,113959.78,50.25
2025-10-10 23:02:13.829,BTC-12OCT25-112000-P,0.0055,6.0,buy,113960.92,50.25
2025-10-10 23:02:14.140,BTC-12OCT25-112000-P,0.0055,1.9,buy,113960.92,50.25
2025-10-10 23:02:14.475,BTC-12OCT25-112000-P,0.0055,0.1,buy,113954.92,50.25
2025-10-10 23:02:14.900,BTC-12OCT25-112000-P,0.0055,6.0,buy,113954.92,50.25
2025-10-10 23:02:15.910,BTC-17OCT25-113000-P,0.023,0.1,buy,113957.83,51.69
2025-10-10 23:02:17.043,BTC-17OCT25-113000-P,0.023,0.1,buy,113941.61,51.58
2025-10-10 23:02:17.687,BTC-12OCT25-112000-P,0.0055,0.1,buy,113941.61,50.44
2025-10-10 23:02:18.393,BTC-17OCT25-113000-P,0.023,0.1,buy,113938.81,51.57
2025-10-10 23:02:18.868,BTC-12OCT25-112000-P,0.0055,6.0,buy,113938.81,50.44
2025-10-10 23:02:18.883,BTC-12OCT25-112000-P,0.0055,1.3,buy,113938.81,50.44
2025-10-10 23:02:19.392,BTC-17OCT25-113000-P,0.023,0.1,buy,113928.99,51.48
2025-10-10 23:02:19.701,BTC-31OCT25-121000-C,0.0185,0.3,buy,113928.99,42.38
2025-10-10 23:02:19.712,BTC-31OCT25-121000-C,0.0185,0.3,buy,113928.99,42.38
2025-10-10 23:02:20.512,BTC-28NOV25-110000-P,0.043,8.0,buy,113896.82,43.34
2025-10-10 23:02:20.515,BTC-28NOV25-110000-P,0.043,0.1,buy,113896.82,43.34
2025-10-10 23:02:20.522,BTC-28NOV25-110000-P,0.043,1.0,buy,113896.82,43.34
2025-10-10 23:02:20.932,BTC-12OCT25-112000-P,0.0055,0.1,buy,113896.82,50.44
2025-10-10 23:02:21.633,BTC-12OCT25-114000-C,0.0135,0.2,buy,113878.06,56.11
2025-10-10 23:02:21.793,BTC-31OCT25-110000-P,0.024,1.1,sell,113878.06,43.44
2025-10-10 23:02:21.989,BTC-12OCT25-110000-P,0.0043,1.0,buy,113878.06,66.09
2025-10-10 23:02:22.111,BTC-12OCT25-114000-C,0.0135,5.0,buy,113878.06,56.11
2025-10-10 23:02:22.122,BTC-12OCT25-112000-P,0.0055,0.3,buy,113878.06,49.7
2025-10-10 23:02:22.141,BTC-24OCT25-104000-P,0.0085,1.0,buy,113878.06,50.4
2025-10-10 23:02:22.781,BTC-28NOV25-110000-P,0.043,1.0,buy,113897.78,43.33
2025-10-10 23:02:39.020,BTC-28NOV25-150000-C,0.0055,0.1,buy,113905.14,48.1
2025-10-10 23:02:39.055,BTC-14OCT25-112000-P,0.0135,2.4,sell,113905.14,55.0
2025-10-10 23:02:47.170,BTC-12OCT25-110000-P,0.0038,0.1,sell,113930.14,63.56
2025-10-10 23:02:47.171,BTC-12OCT25-110000-P,0.0038,0.4,sell,113930.14,63.56
2025-10-10 23:02:47.241,BTC-12OCT25-110000-P,0.0038,0.1,sell,113930.14,63.56
2025-10-10 23:02:50.178,BTC-12OCT25-110000-P,0.0038,0.1,sell,113955.83,63.56
2025-10-10 23:02:52.856,BTC-12OCT25-112000-P,0.0055,6.5,buy,113976.98,50.33
2025-10-10 23:02:53.178,BTC-12OCT25-110000-P,0.0038,0.1,sell,113976.98,63.66
2025-10-10 23:02:54.166,BTC-12OCT25-112000-P,0.0055,0.1,buy,113973.78,50.72
2025-10-10 23:02:54.382,BTC-12OCT25-112000-P,0.0055,2.7,buy,113973.78,50.72
2025-10-10 23:02:56.439,BTC-12OCT25-110000-P,0.0038,0.1,sell,113918.13,63.53
2025-10-10 23:02:58.481,BTC-12OCT25-110000-P,0.0036,0.3,sell,113898.22,62.26
2025-10-10 23:02:58.492,BTC-12OCT25-112000-P,0.0055,0.1,buy,113898.22,50.0
2025-10-10 23:02:58.933,BTC-12OCT25-112000-P,0.0055,0.5,buy,113898.22,50.0
2025-10-10 23:02:59.301,BTC-31OCT25-106000-P,0.015,1.2,sell,113903.82,45.98
2025-10-10 23:02:59.306,BTC-31OCT25-106000-P,0.015,0.1,sell,113903.82,45.98
2025-10-10 23:02:59.362,BTC-12OCT25-112000-P,0.0055,0.1,buy,113898.22,50.0
2025-10-10 23:03:00.376,BTC-12OCT25-117000-P,0.03,2.0,buy,113903.82,48.38
2025-10-10 23:03:06.926,BTC-31OCT25-108000-P,0.019,0.4,buy,113983.81,44.86
2025-10-10 23:03:09.549,BTC-26DEC25-85000-C,0.2735,3.2,sell,113989.26,53.83
2025-10-10 23:03:09.825,BTC-24OCT25-103000-P,0.008,0.1,sell,113981.72,53.08
2025-10-10 23:03:10.551,BTC-26DEC25-85000-C,0.2735,1.1,sell,113981.72,53.89
2025-10-10 23:03:12.850,BTC-31OCT25-116000-C,0.034,0.1,buy,113962.76,42.86
2025-10-10 23:03:12.852,BTC-31OCT25-116000-C,0.034,0.1,sell,113962.76,42.86
2025-10-10 23:03:17.407,BTC-12OCT25-110000-P,0.0034,0.1,sell,113961.74,61.09
2025-10-10 23:03:17.934,BTC-13OCT25-122000-P,0.07,0.1,sell,113989.93,0.0
2025-10-10 23:03:18.228,BTC-12OCT25-112000-P,0.0049,0.1,buy,113989.93,47.53
2025-10-10 23:03:18.978,BTC-11OCT25-114000-C,0.011,0.2,buy,114010.31,87.49
2025-10-10 23:03:19.248,BTC-12OCT25-122000-C,0.0008,0.1,sell,114010.31,66.01
2025-10-10 23:03:23.113,BTC-31OCT25-100000-P,0.0065,0.3,sell,114089.22,49.14
2025-10-10 23:03:27.955,BTC-24OCT25-105000-P,0.0085,0.1,buy,114007.43,47.37
2025-10-10 23:03:30.227,BTC-31OCT25-115000-C,0.038,0.1,sell,114036.34,42.75
2025-10-10 23:03:30.800,BTC-28NOV25-110000-C,0.084,0.1,sell,114019.37,42.61
2025-10-10 23:03:31.645,BTC-26DEC25-110000-P,0.0595,0.1,sell,114019.37,45.19
2025-10-10 23:03:31.653,BTC-26DEC25-95000-P,0.022,0.1,sell,114019.37,49.24
2025-10-10 23:03:36.209,BTC-31OCT25-90000-P,0.0029,0.3,sell,114021.77,62.67
2025-10-10 23:03:48.078,BTC-17OCT25-115000-P,0.031,1.1,buy,114001.68,49.9
2025-10-10 23:03:49.769,BTC-17OCT25-115000-P,0.031,0.9,buy,114003.71,49.92
2025-10-10 23:03:55.033,BTC-27MAR26-320000-C,0.001,2.0,sell,114023.75,57.52
2025-10-10 23:03:55.638,BTC-12OCT25-112000-P,0.006,0.1,buy,114022.85,53.25
2025-10-10 23:03:59.518,BTC-26JUN26-100000-P,0.0745,0.1,buy,113979.54,46.36
2025-10-10 23:04:04.424,BTC-28NOV25-102000-P,0.021,0.1,sell,113990.22,44.81
2025-10-10 23:04:05.718,BTC-28NOV25-104000-P,0.025,0.1,sell,113990.85,44.05
2025-10-10 23:04:05.718,BTC-28NOV25-102000-P,0.0205,0.1,sell,113990.85,44.34
2025-10-10 23:04:06.999,BTC-28NOV25-104000-P,0.025,0.1,sell,113985.78,44.05
2025-10-10 23:04:08.469,BTC-31OCT25-85000-P,0.0018,0.4,sell,113985.15,68.34
2025-10-10 23:04:09.438,BTC-14OCT25-113000-P,0.016,1.8,sell,113997.68,52.64
2025-10-10 23:04:09.439,BTC-14OCT25-112000-P,0.013,2.5,sell,113997.68,54.22
2025-10-10 23:04:09.714,BTC-13OCT25-121000-P,0.061,0.1,sell,113997.68,0.0
2025-10-10 23:04:09.735,BTC-13OCT25-122000-P,0.069,0.1,sell,113997.68,0.0
2025-10-10 23:04:12.032,BTC-17OCT25-108000-P,0.008,0.1,buy,114054.01,51.74
2025-10-10 23:04:12.042,BTC-17OCT25-109000-P,0.01,0.1,buy,114054.01,51.42
2025-10-10 23:04:13.818,BTC-17OCT25-109000-P,0.01,0.1,buy,114083.34,51.59
2025-10-10 23:04:16.731,BTC-14OCT25-113000-P,0.016,3.5,sell,114064.18,53.32
2025-10-10 23:04:17.209,BTC-17OCT25-108000-P,0.008,0.1,buy,114076.41,51.84
2025-10-10 23:04:18.717,BTC-17OCT25-109000-P,0.01,0.1,buy,114102.64,51.68
2025-10-10 23:04:19.085,BTC-26DEC25-90000-P,0.0155,0.1,sell,114125.21,51.52
2025-10-10 23:04:21.435,BTC-17OCT25-108000-P,0.008,0.1,buy,114155.47,52.23
2025-10-10 23:04:22.110,BTC-17OCT25-112000-P,0.018,0.1,buy,114160.48,50.63
2025-10-10 23:04:22.564,BTC-24OCT25-105000-P,0.009,0.1,buy,114160.48,48.72
2025-10-10 23:04:23.150,BTC-31OCT25-114000-P,0.039,1.0,sell,114144.2,44.02
2025-10-10 23:04:23.957,BTC-17OCT25-108000-P,0.008,0.1,buy,114144.2,52.18
2025-10-10 23:04:24.016,BTC-17OCT25-109000-P,0.01,0.1,buy,114144.2,51.9
2025-10-10 23:04:25.000,BTC-17OCT25-109000-P,0.01,0.1,buy,114148.86,51.93
2025-10-10 23:04:25.142,BTC-17OCT25-108000-P,0.008,0.1,buy,114134.56,52.15
2025-10-10 23:04:25.260,BTC-13OCT25-113000-C,0.0225,0.2,sell,114134.56,53.02
2025-10-10 23:04:25.339,BTC-17OCT25-109000-P,0.01,0.1,buy,114134.56,51.94
2025-10-10 23:04:26.558,BTC-17OCT25-107000-P,0.006,0.1,sell,114102.69,51.29
2025-10-10 23:04:27.511,BTC-17OCT25-109000-P,0.01,0.1,buy,114081.64,51.59
2025-10-10 23:04:28.517,BTC-17OCT25-109000-P,0.01,0.1,buy,114069.91,51.54
2025-10-10 23:04:29.715,BTC-17OCT25-109000-P,0.01,0.1,buy,114052.35,51.46
2025-10-10 23:04:29.769,BTC-17OCT25-108000-P,0.008,0.1,buy,114052.35,51.77
2025-10-10 23:04:29.776,BTC-31OCT25-150000-C,0.0011,2.4,sell,114052.35,55.7
2025-10-10 23:04:35.678,BTC-11OCT25-114000-P,0.0085,5.0,sell,113983.28,66.3
2025-10-10 23:04:39.282,BTC-31OCT25-150000-C,0.0011,6.5,sell,113952.02,55.88
2025-10-10 23:04:39.301,BTC-12OCT25-117000-P,0.03,0.3,buy,113960.35,51.0
2025-10-10 23:04:39.562,BTC-12OCT25-117000-P,0.03,0.7,buy,113952.02,51.0
2025-10-10 23:04:40.709,BTC-12OCT25-112000-P,0.0049,1.1,buy,113940.78,47.85
2025-10-10 23:04:40.710,BTC-12OCT25-112000-P,0.0049,3.8,buy,113940.78,47.85
2025-10-10 23:04:40.813,BTC-12OCT25-112000-P,0.0049,2.6,buy,113940.78,47.85
2025-10-10 23:04:42.891,BTC-12OCT25-112000-P,0.0049,2.1,buy,113933.33,47.85
2025-10-10 23:04:50.442,BTC-12OCT25-112000-P,0.006,0.2,buy,113964.88,52.55
2025-10-10 23:04:50.442,BTC-12OCT25-112000-P,0.006,0.1,buy,113964.88,52.55
2025-10-10 23:04:50.984,BTC-12OCT25-114000-P,0.0125,0.2,buy,113958.21,50.09
2025-10-10 23:04:51.644,BTC-11OCT25-116000-P,0.02,0.1,buy,113921.96,61.05
2025-10-10 23:04:58.358,BTC-11OCT25-121000-C,0.0005,1.0,buy,113873.74,105.95
2025-10-10 23:04:58.857,BTC-12OCT25-112000-P,0.0055,4.9,buy,113873.74,49.37
2025-10-10 23:04:59.481,BTC-11OCT25-121000-C,0.0006,8.9,sell,113877.39,109.59
2025-10-10 23:04:59.490,BTC-28NOV25-132000-C,0.018,0.1,sell,113873.74,43.94
2025-10-10 23:04:59.498,BTC-17OCT25-108000-P,0.0085,0.1,buy,113877.39,52.3
2025-10-10 23:05:00.083,BTC-12OCT25-112000-P,0.005,1.9,buy,113877.39,47.04
2025-10-10 23:05:08.182,BTC-31OCT25-130000-C,0.0055,1.5,buy,113892.11,43.52
2025-10-10 23:05:08.187,BTC-31OCT25-130000-C,0.0055,0.1,buy,113892.11,43.52
2025-10-10 23:05:14.176,BTC-11OCT25-121000-C,0.0006,3.0,sell,113823.42,109.78
2025-10-10 23:05:14.251,BTC-26DEC25-85000-C,0.2735,2.7,sell,113842.72,54.76
2025-10-10 23:05:14.426,BTC-26DEC25-120000-C,0.064,0.2,sell,113842.72,44.85
2025-10-10 23:05:18.102,BTC-28NOV25-118000-C,0.049,0.1,sell,113831.66,42.16
2025-10-10 23:05:19.914,BTC-11OCT25-125000-P,0.097,0.2,sell,113805.46,0.0
2025-10-10 23:05:20.634,BTC-11OCT25-125000-P,0.097,0.2,sell,113778.25,0.0
2025-10-10 23:05:20.763,BTC-13OCT25-121000-P,0.0635,0.1,sell,113778.25,41.12
2025-10-10 23:05:20.788,BTC-11OCT25-125000-P,0.097,0.6,sell,113778.25,0.0
2025-10-10 23:05:24.852,BTC-13OCT25-122000-P,0.072,0.1,sell,113737.04,0.0
2025-10-10 23:05:25.032,BTC-11OCT25-125000-P,0.0975,2.3,sell,113737.04,0.0
2025-10-10 23:05:27.852,BTC-13OCT25-122000-P,0.072,0.1,sell,113733.24,0.0
2025-10-10 23:05:28.833,BTC-31OCT25-117000-C,0.028,0.1,buy,113729.21,40.94
2025-10-10 23:05:28.886,BTC-17OCT25-109000-P,0.0105,0.1,buy,113729.21,51.12
2025-10-10 23:05:29.145,BTC-11OCT25-121000-C,0.0006,8.9,sell,113729.21,111.28
2025-10-10 23:05:30.918,BTC-31OCT25-117000-C,0.028,1.0,buy,113710.28,40.94
2025-10-10 23:05:31.341,BTC-13OCT25-122000-P,0.072,0.1,sell,113711.9,0.0
2025-10-10 23:05:32.980,BTC-17OCT25-110000-P,0.013,0.1,buy,113707.99,50.71
2025-10-10 23:05:32.995,BTC-17OCT25-113000-P,0.023,0.1,buy,113707.99,49.88
2025-10-10 23:05:33.089,BTC-11OCT25-116000-P,0.021,0.1,buy,113707.99,53.18
2025-10-10 23:05:33.917,BTC-14OCT25-113000-P,0.0175,0.4,buy,113702.71,54.08
2025-10-10 23:05:34.105,BTC-13OCT25-114000-P,0.019,0.1,sell,113697.91,55.55
2025-10-10 23:05:34.107,BTC-13OCT25-114000-P,0.019,1.4,sell,113697.91,55.55
2025-10-10 23:05:34.221,BTC-17OCT25-111000-P,0.016,0.1,buy,113697.91,50.61
2025-10-10 23:05:34.606,BTC-17OCT25-108000-P,0.0085,0.1,buy,113697.91,51.46
2025-10-10 23:05:35.111,BTC-17OCT25-110000-P,0.013,0.1,buy,113697.91,50.64
2025-10-10 23:05:36.201,BTC-28NOV25-125000-C,0.029,0.3,sell,113686.63,42.27
2025-10-10 23:05:36.955,BTC-12OCT25-114000-P,0.013,0.1,buy,113696.02,47.7
2025-10-10 23:05:37.282,BTC-11OCT25-114000-P,0.0105,0.2,buy,113696.02,71.84
2025-10-10 23:05:37.975,BTC-31OCT25-117000-C,0.028,1.1,buy,113694.02,40.98
2025-10-10 23:05:38.165,BTC-31OCT25-117000-C,0.028,1.3,buy,113689.45,40.99
2025-10-10 23:05:40.979,BTC-31OCT25-117000-C,0.028,1.8,buy,113703.07,40.92
2025-10-10 23:05:41.793,BTC-31OCT25-117000-C,0.028,0.2,buy,113713.56,40.88
2025-10-10 23:05:46.816,BTC-28NOV25-118000-C,0.0485,0.1,sell,113763.21,41.72
2025-10-10 23:05:46.816,BTC-28NOV25-118000-C,0.0485,0.2,sell,113763.21,41.72
2025-10-10 23:05:46.922,BTC-11OCT25-112000-P,0.0045,0.4,buy,113763.21,81.95
2025-10-10 23:05:46.929,BTC-11OCT25-112000-P,0.0045,0.6,sell,113763.21,81.95
2025-10-10 23:05:56.066,BTC-12OCT25-112000-P,0.006,6.4,buy,113684.61,49.25
2025-10-10 23:05:56.688,BTC-11OCT25-121000-C,0.0006,6.0,sell,113692.98,112.11
2025-10-10 23:05:57.261,BTC-11OCT25-109000-P,0.0019,0.3,buy,113692.98,109.32
2025-10-10 23:05:57.281,BTC-11OCT25-109000-P,0.002,5.5,buy,113692.98,110.96
2025-10-10 23:05:57.644,BTC-31OCT25-128000-C,0.0065,2.0,buy,113672.63,42.0
2025-10-10 23:05:59.337,BTC-11OCT25-121000-C,0.0006,1.2,sell,113661.94,112.11
2025-10-10 23:06:04.759,BTC-17OCT25-112000-P,0.0195,0.1,buy,113675.53,50.31
2025-10-10 23:06:04.810,BTC-28NOV25-114000-C,0.0635,0.1,sell,113675.53,41.66
2025-10-10 23:06:05.210,BTC-12OCT25-112000-P,0.006,3.2,buy,113675.53,49.2
2025-10-10 23:06:07.170,BTC-17OCT25-113000-P,0.0235,0.1,buy,113659.19,50.26
2025-10-10 23:06:07.309,BTC-17OCT25-113000-P,0.0235,0.1,buy,113656.23,50.25
2025-10-10 23:06:07.498,BTC-11OCT25-125000-P,0.0995,0.6,sell,113656.23,0.0
2025-10-10 23:06:07.987,BTC-13OCT25-121000-P,0.0655,0.1,sell,113659.19,49.28
2025-10-10 23:06:08.651,BTC-17OCT25-113000-P,0.0235,0.1,buy,113644.71,50.15
2025-10-10 23:06:08.809,BTC-17OCT25-113000-P,0.0235,0.1,buy,113644.71,50.15
2025-10-10 23:06:08.993,BTC-17OCT25-113000-P,0.0235,0.1,buy,113644.71,50.15
2025-10-10 23:06:09.109,BTC-17OCT25-113000-P,0.0235,0.1,buy,113644.71,50.15
2025-10-10 23:06:09.228,BTC-17OCT25-113000-P,0.0235,0.1,buy,113652.38,50.19
2025-10-10 23:06:10.974,BTC-17OCT25-113000-P,0.0235,0.1,buy,113668.32,50.33
2025-10-10 23:06:10.993,BTC-13OCT25-121000-P,0.0655,0.1,sell,113652.38,48.56
2025-10-10 23:06:11.108,BTC-13OCT25-105000-P,0.0014,1.0,sell,113652.38,64.68
2025-10-10 23:06:11.442,BTC-17OCT25-113000-P,0.0235,0.1,buy,113653.02,50.22
2025-10-10 23:06:11.609,BTC-17OCT25-113000-P,0.0235,0.1,buy,113653.02,50.22
2025-10-10 23:06:11.709,BTC-17OCT25-113000-P,0.0235,0.1,buy,113653.02,50.22
2025-10-10 23:06:11.810,BTC-17OCT25-113000-P,0.0235,0.1,buy,113653.02,50.22
2025-10-10 23:06:11.910,BTC-17OCT25-113000-P,0.0235,0.1,buy,113653.02,50.22
2025-10-10 23:06:11.987,BTC-26DEC25-120000-C,0.063,0.2,sell,113668.32,44.6
2025-10-10 23:06:12.016,BTC-17OCT25-113000-P,0.0235,0.1,buy,113653.02,50.22
2025-10-10 23:06:12.209,BTC-17OCT25-113000-P,0.0235,0.1,buy,113633.06,50.05
2025-10-10 23:06:12.319,BTC-17OCT25-113000-P,0.0235,0.1,buy,113633.06,50.05
2025-10-10 23:06:12.319,BTC-11OCT25-125000-P,0.1,2.7,sell,113653.02,108.55
2025-10-10 23:06:12.943,BTC-11OCT25-119000-P,0.047,0.1,sell,113633.06,0.0
2025-10-10 23:06:13.117,BTC-31OCT25-122000-C,0.0145,0.1,sell,113633.06,40.97
2025-10-10 23:06:16.101,BTC-13OCT25-119000-P,0.05,0.1,sell,113576.84,49.95
2025-10-10 23:06:16.272,BTC-26DEC25-125000-C,0.0475,1.1,sell,113572.56,44.35
2025-10-10 23:06:16.340,BTC-28NOV25-110000-C,0.0815,0.2,sell,113572.56,41.48
2025-10-10 23:06:16.341,BTC-17OCT25-110000-P,0.0135,0.1,buy,113572.56,50.81
2025-10-10 23:06:16.666,BTC-11OCT25-125000-P,0.1005,0.8,sell,113563.07,161.26
2025-10-10 23:06:16.670,BTC-11OCT25-125000-P,0.1005,0.2,sell,113563.07,161.26
2025-10-10 23:06:17.145,BTC-17OCT25-111000-P,0.0165,0.1,buy,113572.56,50.6
2025-10-10 23:06:17.316,BTC-17OCT25-110000-P,0.0135,0.1,buy,113563.07,50.75
2025-10-10 23:06:17.789,BTC-26DEC25-125000-C,0.0475,1.2,sell,113563.07,44.37
2025-10-10 23:06:18.318,BTC-17OCT25-110000-P,0.0135,0.1,buy,113539.01,50.59
2025-10-10 23:06:18.790,BTC-26DEC25-125000-C,0.0475,0.6,sell,113539.01,44.41
2025-10-10 23:06:24.970,BTC-17OCT25-112000-P,0.02,0.1,buy,113501.61,49.96
2025-10-10 23:06:25.164,BTC-17OCT25-112000-P,0.02,0.1,buy,113501.61,49.96
2025-10-10 23:06:26.152,BTC-17OCT25-109000-P,0.011,0.1,buy,113501.67,50.82
2025-10-10 23:06:26.323,BTC-17OCT25-111000-P,0.0165,0.1,buy,113486.44,50.0
2025-10-10 23:06:27.146,BTC-17OCT25-109000-P,0.011,0.1,buy,113486.44,50.73
2025-10-10 23:06:28.152,BTC-17OCT25-109000-P,0.011,0.1,buy,113463.1,50.59
2025-10-10 23:06:28.615,BTC-17OCT25-109000-P,0.011,0.1,buy,113435.96,50.44
2025-10-10 23:06:29.805,BTC-31OCT25-114000-P,0.0415,0.3,buy,113429.13,43.25
2025-10-10 23:06:30.102,BTC-17OCT25-108000-P,0.009,0.1,buy,113429.13,51.21
2025-10-10 23:06:30.261,BTC-12OCT25-112000-P,0.0065,0.5,buy,113418.33,49.34
2025-10-10 23:06:30.271,BTC-28NOV25-110000-C,0.0805,0.2,sell,113418.33,41.39
2025-10-10 23:06:30.298,BTC-31OCT25-115000-C,0.034,2.4,sell,113418.33,41.08
2025-10-10 23:06:31.780,BTC-11OCT25-117000-P,0.0325,0.1,sell,113383.47,67.44
2025-10-10 23:06:32.019,BTC-17OCT25-108000-P,0.009,0.1,buy,113393.41,51.03
2025-10-10 23:06:32.700,BTC-17OCT25-112000-P,0.0205,0.1,buy,113383.47,50.06
2025-10-10 23:06:32.714,BTC-12OCT25-112000-P,0.0065,7.3,buy,113357.89,47.78
2025-10-10 23:06:32.928,BTC-17OCT25-108000-P,0.009,0.1,buy,113383.47,50.97
2025-10-10 23:06:33.015,BTC-17OCT25-108000-P,0.009,0.1,buy,113383.47,50.97
2025-10-10 23:06:34.409,BTC-17OCT25-109000-P,0.011,0.1,buy,113337.99,49.88
2025-10-10 23:06:34.948,BTC-31OCT25-116000-C,0.03,0.6,sell,113337.99,41.11
2025-10-10 23:06:35.409,BTC-31OCT25-130000-C,0.0045,0.1,buy,113331.39,42.31
2025-10-10 23:06:35.411,BTC-17OCT25-109000-P,0.011,0.1,buy,113331.39,49.84
2025-10-10 23:06:36.713,BTC-17OCT25-109000-P,0.011,0.1,buy,113324.44,49.8
2025-10-10 23:06:36.723,BTC-17OCT25-108000-P,0.009,0.1,buy,113324.44,50.64
2025-10-10 23:06:37.814,BTC-17OCT25-121000-P,0.0725,2.6,sell,113322.93,47.19
2025-10-10 23:06:37.821,BTC-17OCT25-119000-P,0.058,3.0,sell,113322.93,47.48
2025-10-10 23:06:37.826,BTC-11OCT25-114000-C,0.007,5.5,buy,113325.33,70.86
2025-10-10 23:06:38.033,BTC-31OCT25-112000-P,0.0335,0.1,sell,113322.93,43.6
2025-10-10 23:06:38.877,BTC-17OCT25-109000-P,0.011,0.1,buy,113325.33,49.79
2025-10-10 23:06:39.921,BTC-17OCT25-109000-P,0.011,0.1,buy,113341.94,49.9
2025-10-10 23:06:40.930,BTC-17OCT25-109000-P,0.011,0.1,buy,113362.35,50.02
2025-10-10 23:06:42.172,BTC-12OCT25-112000-P,0.0065,0.2,buy,113361.47,47.48
2025-10-10 23:06:42.320,BTC-12OCT25-112000-P,0.0065,2.1,buy,113361.47,47.48
2025-10-10 23:06:42.926,BTC-17OCT25-109000-P,0.011,0.1,buy,113361.47,50.04
2025-10-10 23:06:43.109,BTC-17OCT25-112000-P,0.02,0.1,sell,113361.47,48.9
2025-10-10 23:06:45.501,BTC-17OCT25-109000-P,0.011,0.1,buy,113350.47,49.92
2025-10-10 23:06:46.006,BTC-11OCT25-117000-P,0.034,0.9,sell,113350.47,87.56
2025-10-10 23:06:46.261,BTC-31OCT25-95000-P,0.0041,2.7,buy,113350.47,53.94
2025-10-10 23:06:46.264,BTC-28NOV25-112000-C,0.0705,0.1,sell,113355.74,41.29
2025-10-10 23:06:50.093,BTC-17OCT25-109000-P,0.011,0.1,buy,113337.29,49.82
2025-10-10 23:06:51.089,BTC-17OCT25-109000-P,0.011,0.1,buy,113341.6,49.84
2025-10-10 23:06:51.370,BTC-31OCT25-160000-C,0.0007,3.7,sell,113344.16,63.46
2025-10-10 23:06:52.212,BTC-17OCT25-109000-P,0.011,0.1,buy,113344.16,49.84
2025-10-10 23:06:52.788,BTC-12OCT25-112000-P,0.0065,4.0,buy,113340.44,47.2
2025-10-10 23:06:52.898,BTC-12OCT25-112000-P,0.0065,2.8,buy,113340.44,47.2
2025-10-10 23:06:53.012,BTC-17OCT25-112000-P,0.0205,0.1,buy,113347.3,49.66
2025-10-10 23:06:53.188,BTC-13OCT25-121000-C,0.0023,0.1,sell,113340.44,61.92
2025-10-10 23:06:53.189,BTC-13OCT25-126000-C,0.0007,0.1,sell,113340.44,70.01
2025-10-10 23:06:53.266,BTC-17OCT25-124000-C,0.0035,3.5,sell,113340.44,53.21
2025-10-10 23:06:53.419,BTC-17OCT25-109000-P,0.011,0.1,buy,113340.44,49.81
2025-10-10 23:06:53.609,BTC-12OCT25-112000-P,0.0065,0.8,buy,113340.44,47.2
2025-10-10 23:06:54.427,BTC-17OCT25-109000-P,0.011,0.1,buy,113341.24,49.81
2025-10-10 23:06:55.987,BTC-31OCT25-115000-C,0.0335,0.6,sell,113333.94,40.86
2025-10-10 23:06:56.229,BTC-12OCT25-112000-P,0.0065,2.1,buy,113350.71,47.14
2025-10-10 23:06:56.434,BTC-17OCT25-109000-P,0.011,0.1,buy,113350.71,49.86
2025-10-10 23:06:56.446,BTC-26DEC25-90000-C,0.2315,5.0,sell,113350.71,51.5
2025-10-10 23:06:56.523,BTC-26DEC25-40000-P,0.0003,0.6,buy,113350.71,87.25
2025-10-10 23:06:56.822,BTC-17OCT25-109000-P,0.011,0.1,buy,113350.71,49.86
2025-10-10 23:07:00.949,BTC-17OCT25-113000-P,0.025,1.3,sell,113356.14,50.4
2025-10-10 23:07:01.450,BTC-17OCT25-119000-C,0.009,0.1,buy,113349.74,49.82
2025-10-10 23:07:01.485,BTC-31OCT25-118000-P,0.062,0.2,buy,113349.74,42.39
2025-10-10 23:07:07.629,BTC-31OCT25-112000-P,0.0335,1.9,buy,113379.35,43.68
2025-10-10 23:07:08.454,BTC-17OCT25-119000-C,0.009,3.0,sell,113392.5,49.62
2025-10-10 23:07:09.688,BTC-17OCT25-109000-P,0.011,0.1,buy,113387.58,50.07
2025-10-10 23:07:11.992,BTC-11OCT25-116000-P,0.024,0.1,sell,113393.7,58.46
2025-10-10 23:07:12.112,BTC-17OCT25-113000-P,0.024,0.1,buy,113393.7,48.8
2025-10-10 23:07:12.917,BTC-17OCT25-113000-P,0.024,0.1,buy,113413.12,48.96
2025-10-10 23:07:13.757,BTC-12OCT25-112000-P,0.0065,0.6,buy,113426.11,47.76
2025-10-10 23:07:15.963,BTC-31OCT25-116000-C,0.03,1.5,sell,113418.75,40.87
2025-10-10 23:07:15.967,BTC-17OCT25-109000-P,0.011,0.1,buy,113418.75,50.25
2025-10-10 23:07:16.391,BTC-17OCT25-109000-P,0.011,0.1,buy,113414.83,50.18
2025-10-10 23:07:17.059,BTC-12OCT25-112000-P,0.0065,0.6,buy,113376.39,48.45
2025-10-10 23:07:21.951,BTC-13OCT25-118000-C,0.005,2.9,buy,113476.77,56.64
2025-10-10 23:07:25.023,BTC-17OCT25-108000-P,0.0085,0.1,buy,113515.23,50.24
2025-10-10 23:07:25.210,BTC-17OCT25-108000-P,0.0085,0.1,buy,113515.23,50.24
2025-10-10 23:07:25.309,BTC-17OCT25-108000-P,0.0085,0.1,buy,113526.33,50.29
2025-10-10 23:07:25.409,BTC-17OCT25-108000-P,0.0085,0.1,buy,113526.33,50.29
2025-10-10 23:07:25.510,BTC-17OCT25-108000-P,0.0085,0.1,buy,113526.33,50.29
2025-10-10 23:07:26.268,BTC-17OCT25-108000-P,0.0085,0.1,buy,113528.75,50.3
2025-10-10 23:07:26.475,BTC-17OCT25-108000-P,0.0085,0.1,buy,113528.75,50.3
2025-10-10 23:07:26.723,BTC-17OCT25-108000-P,0.0085,0.1,buy,113528.75,50.3
2025-10-10 23:07:26.810,BTC-17OCT25-108000-P,0.0085,0.1,buy,113528.75,50.3
2025-10-10 23:07:26.910,BTC-17OCT25-108000-P,0.0085,0.1,buy,113528.75,50.3
2025-10-10 23:07:27.152,BTC-17OCT25-108000-P,0.0085,0.1,buy,113528.75,50.3
2025-10-10 23:07:27.309,BTC-17OCT25-108000-P,0.0085,0.1,buy,113525.64,50.28
2025-10-10 23:07:27.422,BTC-17OCT25-108000-P,0.0085,0.1,buy,113525.64,50.28
2025-10-10 23:07:27.897,BTC-17OCT25-108000-P,0.0085,0.1,buy,113525.64,50.28
2025-10-10 23:07:28.010,BTC-17OCT25-108000-P,0.0085,0.1,buy,113525.64,50.28
2025-10-10 23:07:28.109,BTC-17OCT25-108000-P,0.0085,0.1,buy,113525.64,50.28
2025-10-10 23:07:28.235,BTC-17OCT25-108000-P,0.0085,0.1,buy,113525.64,50.28
2025-10-10 23:07:28.409,BTC-17OCT25-108000-P,0.0085,0.1,buy,113510.04,50.2
2025-10-10 23:07:28.510,BTC-17OCT25-108000-P,0.0085,0.1,buy,113510.04,50.2
2025-10-10 23:07:28.609,BTC-17OCT25-108000-P,0.0085,0.1,buy,113510.04,50.2
2025-10-10 23:07:28.683,BTC-12OCT25-112000-P,0.006,2.1,buy,113525.64,47.34
2025-10-10 23:07:28.709,BTC-17OCT25-108000-P,0.0085,0.1,buy,113510.04,50.2
2025-10-10 23:07:28.811,BTC-17OCT25-108000-P,0.0085,0.1,buy,113510.04,50.2
2025-10-10 23:07:29.383,BTC-17OCT25-113000-P,0.024,0.1,buy,113497.35,49.61
2025-10-10 23:07:29.391,BTC-17OCT25-112000-P,0.02,0.1,buy,113497.35,49.72
2025-10-10 23:07:29.601,BTC-12OCT25-112000-P,0.006,3.5,buy,113510.04,47.3
2025-10-10 23:07:29.713,BTC-17OCT25-108000-P,0.0085,0.1,buy,113497.35,50.14
2025-10-10 23:07:29.715,BTC-28NOV25-112000-C,0.071,1.0,sell,113497.35,41.34
2025-10-10 23:07:29.909,BTC-17OCT25-108000-P,0.0085,0.1,buy,113497.35,50.14
2025-10-10 23:07:30.123,BTC-17OCT25-111000-P,0.0165,0.1,buy,113497.35,49.97
2025-10-10 23:07:31.264,BTC-17OCT25-108000-P,0.0085,0.1,buy,113461.0,49.95
2025-10-10 23:07:31.583,BTC-17OCT25-113000-P,0.024,0.1,buy,113436.4,49.1
2025-10-10 23:07:31.821,BTC-12OCT25-112000-P,0.006,6.1,buy,113436.4,47.11
2025-10-10 23:07:31.832,BTC-17OCT25-108000-P,0.0085,0.1,buy,113436.4,49.82
2025-10-10 23:07:31.879,BTC-31OCT25-116000-C,0.03,0.6,sell,113436.4,40.8
2025-10-10 23:07:31.910,BTC-12OCT25-112000-P,0.006,2.1,buy,113436.4,47.11
2025-10-10 23:07:31.928,BTC-17OCT25-112000-P,0.02,0.1,buy,113436.4,49.26
2025-10-10 23:07:31.943,BTC-17OCT25-111000-P,0.0165,0.1,buy,113436.4,49.63
2025-10-10 23:07:33.648,BTC-17OCT25-110000-P,0.0135,0.1,buy,113409.09,49.62
2025-10-10 23:07:34.019,BTC-12OCT25-112000-P,0.006,5.0,buy,113409.09,45.89
2025-10-10 23:07:34.020,BTC-12OCT25-112000-P,0.006,3.0,buy,113409.09,45.89
2025-10-10 23:07:34.021,BTC-17OCT25-113000-P,0.024,0.1,buy,113409.09,48.88
2025-10-10 23:07:34.025,BTC-17OCT25-112000-P,0.02,0.1,buy,113409.09,49.05
2025-10-10 23:07:34.028,BTC-17OCT25-111000-P,0.0165,0.1,buy,113409.09,49.29
2025-10-10 23:07:35.042,BTC-12OCT25-112000-P,0.006,1.9,buy,113401.7,45.89
2025-10-10 23:07:36.251,BTC-12OCT25-112000-P,0.006,1.3,buy,113378.97,45.89
2025-10-10 23:07:37.210,BTC-17OCT25-113000-P,0.024,0.1,buy,113372.64,48.57
2025-10-10 23:07:37.229,BTC-17OCT25-112000-P,0.02,0.1,buy,113372.64,48.78
2025-10-10 23:07:37.644,BTC-17OCT25-110000-P,0.0135,0.1,buy,113375.19,49.41
2025-10-10 23:07:38.724,BTC-17OCT25-109000-P,0.0105,0.1,buy,113382.64,48.78
2025-10-10 23:07:40.297,BTC-17OCT25-113000-P,0.024,0.1,buy,113406.94,48.87
2025-10-10 23:07:44.142,BTC-12OCT25-112000-P,0.0065,8.5,buy,113417.13,48.02
2025-10-10 23:07:44.518,BTC-31OCT25-112000-P,0.0335,0.1,buy,113420.88,43.7
2025-10-10 23:07:48.426,BTC-17OCT25-108000-P,0.0085,0.1,buy,113450.37,49.9
2025-10-10 23:07:48.812,BTC-17OCT25-112000-P,0.0195,0.1,buy,113450.37,48.4
2025-10-10 23:07:48.913,BTC-17OCT25-113000-P,0.0235,0.1,buy,113450.37,48.28
2025-10-10 23:07:49.830,BTC-13OCT25-111000-P,0.009,0.1,sell,113460.5,55.48
2025-10-10 23:07:50.279,BTC-17OCT25-108000-P,0.0085,0.1,buy,113460.5,49.95
2025-10-10 23:07:51.009,BTC-11OCT25-116000-P,0.023,0.1,sell,113491.09,44.89
2025-10-10 23:07:51.935,BTC-24OCT25-115000-P,0.041,0.1,sell,113509.85,44.23
2025-10-10 23:07:52.060,BTC-31OCT25-110000-P,0.0245,0.1,sell,113509.85,42.28
2025-10-10 23:07:52.738,BTC-12OCT25-112000-P,0.0055,4.6,buy,113556.65,44.17
2025-10-10 23:07:52.770,BTC-26DEC25-100000-P,0.0315,0.1,buy,113556.65,47.1
2025-10-10 23:07:55.548,BTC-31OCT25-100000-P,0.0065,0.7,sell,113622.47,47.83
2025-10-10 23:07:55.548,BTC-31OCT25-100000-P,0.0065,0.1,sell,113622.47,47.83
2025-10-10 23:07:55.551,BTC-31OCT25-100000-P,0.0065,3.0,buy,113622.47,47.83
2025-10-10 23:07:57.501,BTC-31OCT25-126000-C,0.0075,0.3,sell,113618.84,40.3
2025-10-10 23:07:57.510,BTC-31OCT25-126000-C,0.0075,0.3,sell,113618.84,40.3
2025-10-10 23:07:57.520,BTC-31OCT25-126000-C,0.0075,0.3,sell,113618.84,40.3
2025-10-10 23:07:57.530,BTC-31OCT25-126000-C,0.0075,0.3,sell,113618.84,40.3
2025-10-10 23:07:57.540,BTC-31OCT25-126000-C,0.0075,0.1,sell,113618.84,40.3
2025-10-10 23:07:58.418,BTC-31OCT25-126000-C,0.0075,0.2,sell,113604.21,40.29
2025-10-10 23:07:58.430,BTC-31OCT25-126000-C,0.0075,0.1,sell,113604.21,40.29
2025-10-10 23:07:59.576,BTC-31OCT25-126000-C,0.0075,0.2,sell,113613.41,40.33
2025-10-10 23:07:59.584,BTC-31OCT25-126000-C,0.0075,0.3,sell,113613.41,40.33
2025-10-10 23:07:59.597,BTC-31OCT25-126000-C,0.0075,0.1,sell,113613.41,40.33
2025-10-10 23:08:01.423,BTC-31OCT25-100000-P,0.0065,0.2,buy,113613.79,47.85
2025-10-10 23:08:01.423,BTC-31OCT25-126000-C,0.0075,0.2,sell,113613.79,40.33
2025-10-10 23:08:01.436,BTC-31OCT25-126000-C,0.0075,0.2,sell,113613.79,40.33
2025-10-10 23:08:01.437,BTC-31OCT25-100000-P,0.0065,0.3,buy,113613.79,47.85
2025-10-10 23:08:01.450,BTC-31OCT25-126000-C,0.0075,0.3,sell,113613.79,40.33
2025-10-10 23:08:01.458,BTC-31OCT25-126000-C,0.0075,0.3,sell,113613.79,40.33
2025-10-10 23:08:01.477,BTC-31OCT25-100000-P,0.0065,0.3,buy,113613.79,47.85
2025-10-10 23:08:01.478,BTC-31OCT25-126000-C,0.0075,0.3,sell,113613.79,40.33
2025-10-10 23:08:01.492,BTC-31OCT25-126000-C,0.0075,0.3,sell,113613.79,40.33
2025-10-10 23:08:01.506,BTC-17OCT25-112000-P,0.019,0.1,buy,113613.79,48.58
2025-10-10 23:08:01.610,BTC-17OCT25-112000-P,0.019,0.1,buy,113613.79,48.58
2025-10-10 23:08:01.638,BTC-31OCT25-100000-P,0.0065,2.2,buy,113613.79,47.85
2025-10-10 23:08:01.639,BTC-31OCT25-126000-C,0.0075,0.3,sell,113613.79,40.33
2025-10-10 23:08:01.664,BTC-31OCT25-126000-C,0.0075,0.3,sell,113613.79,40.33
2025-10-10 23:08:01.674,BTC-31OCT25-126000-C,0.0075,0.3,sell,113613.79,40.33
2025-10-10 23:08:01.676,BTC-31OCT25-100000-P,0.0065,0.1,buy,113613.79,47.85
2025-10-10 23:08:01.780,BTC-31OCT25-100000-P,0.0065,2.9,buy,113613.79,47.85
2025-10-10 23:08:01.782,BTC-31OCT25-114000-C,0.0385,0.6,sell,113613.79,41.09
2025-10-10 23:08:01.822,BTC-17OCT25-113000-P,0.023,0.1,buy,113613.79,48.61
2025-10-10 23:08:03.714,BTC-31OCT25-106000-P,0.0145,2.4,sell,113570.06,44.03
2025-10-10 23:08:03.729,BTC-31OCT25-106000-P,0.0145,0.1,sell,113570.06,44.03
2025-10-10 23:08:05.494,BTC-17OCT25-108000-P,0.0085,0.1,buy,113519.15,50.21
2025-10-10 23:08:05.527,BTC-26DEC25-95000-P,0.0235,0.1,buy,113519.15,49.87
2025-10-10 23:08:05.814,BTC-26DEC25-95000-P,0.0235,2.6,buy,113519.15,49.87
2025-10-10 23:08:06.556,BTC-26DEC25-100000-P,0.0315,0.2,buy,113478.14,47.0
2025-10-10 23:08:10.365,BTC-26DEC25-100000-P,0.032,2.0,buy,113508.61,47.42
2025-10-10 23:08:10.475,BTC-17OCT25-108000-P,0.0085,0.1,buy,113508.61,50.2
2025-10-10 23:08:11.981,BTC-12OCT25-112000-P,0.006,0.6,buy,113489.72,46.97
2025-10-10 23:08:14.109,BTC-26DEC25-120000-P,0.1085,0.1,sell,113487.43,45.1
2025-10-10 23:08:15.164,BTC-17OCT25-113000-P,0.0235,0.1,buy,113481.95,48.57
2025-10-10 23:08:15.172,BTC-17OCT25-111000-P,0.016,0.1,buy,113481.95,48.84
2025-10-10 23:08:15.310,BTC-17OCT25-113000-P,0.0235,0.1,buy,113481.95,48.57
2025-10-10 23:08:15.392,BTC-17OCT25-111000-P,0.016,0.1,buy,113479.9,48.79
2025-10-10 23:08:15.454,BTC-31OCT25-114000-C,0.038,1.6,sell,113479.9,41.07
2025-10-10 23:08:15.524,BTC-17OCT25-111000-P,0.016,0.1,buy,113479.9,48.79
2025-10-10 23:08:15.882,BTC-17OCT25-111000-P,0.016,0.1,buy,113479.9,48.79
2025-10-10 23:08:16.014,BTC-17OCT25-111000-P,0.016,0.1,buy,113479.9,48.79
2025-10-10 23:08:16.150,BTC-12OCT25-112000-P,0.006,2.1,buy,113479.9,46.84
2025-10-10 23:08:16.210,BTC-17OCT25-111000-P,0.016,0.1,buy,113479.9,48.79
2025-10-10 23:08:16.366,BTC-17OCT25-111000-P,0.016,0.1,buy,113455.21,48.63
2025-10-10 23:08:16.422,BTC-17OCT25-113000-P,0.0235,0.1,buy,113455.21,48.37
2025-10-10 23:08:16.490,BTC-26DEC25-100000-P,0.032,0.3,buy,113455.21,47.35
2025-10-10 23:08:16.969,BTC-17OCT25-111000-P,0.016,0.1,buy,113455.21,48.63
2025-10-10 23:08:17.609,BTC-17OCT25-113000-P,0.0235,0.1,buy,113432.62,48.19
2025-10-10 23:08:18.223,BTC-12OCT25-117000-P,0.0335,1.0,buy,113432.62,49.12
2025-10-10 23:08:18.574,BTC-17OCT25-128000-C,0.0017,0.1,sell,113425.7,56.1
2025-10-10 23:08:19.815,BTC-17OCT25-113000-P,0.0235,0.1,buy,113424.4,48.13
2025-10-10 23:08:20.687,BTC-31OCT25-114000-C,0.038,1.3,sell,113435.69,41.24
2025-10-10 23:08:21.796,BTC-17OCT25-113000-P,0.0235,0.1,buy,113447.84,48.33
2025-10-10 23:08:21.913,BTC-17OCT25-113000-P,0.0235,0.1,buy,113447.84,48.33
2025-10-10 23:08:22.011,BTC-17OCT25-113000-P,0.0235,0.1,buy,113447.84,48.33
2025-10-10 23:08:22.109,BTC-17OCT25-113000-P,0.0235,0.1,buy,113447.84,48.33
2025-10-10 23:08:22.209,BTC-17OCT25-113000-P,0.0235,0.1,buy,113447.84,48.33
2025-10-10 23:08:22.315,BTC-17OCT25-113000-P,0.0235,0.1,buy,113447.84,48.33
2025-10-10 23:08:22.616,BTC-17OCT25-113000-P,0.0235,0.1,buy,113441.64,48.27
2025-10-10 23:08:22.893,BTC-17OCT25-113000-P,0.0235,0.1,buy,113441.64,48.27
2025-10-10 23:08:23.112,BTC-17OCT25-113000-P,0.0235,0.1,buy,113441.64,48.27
2025-10-10 23:08:23.490,BTC-26DEC25-130000-C,0.033,0.1,sell,113434.03,42.78
2025-10-10 23:08:24.270,BTC-12OCT25-112000-P,0.006,2.1,buy,113434.03,46.01
2025-10-10 23:08:33.176,BTC-31OCT25-128000-C,0.0065,0.2,buy,113419.49,42.85
2025-10-10 23:08:33.199,BTC-31OCT25-128000-C,0.006,3.0,buy,113419.49,41.85
2025-10-10 23:08:34.486,BTC-17OCT25-128000-P,0.1285,2.1,sell,113429.2,32.17
2025-10-10 23:08:37.009,BTC-12OCT25-112000-P,0.0055,2.1,buy,113470.43,44.05
2025-10-10 23:08:37.010,BTC-12OCT25-112000-P,0.0055,6.0,buy,113470.43,44.05
2025-10-10 23:08:39.225,BTC-17OCT25-111000-P,0.0155,0.1,buy,113469.09,47.73
2025-10-10 23:08:40.976,BTC-17OCT25-118000-C,0.0105,6.0,buy,113488.84,47.69
2025-10-10 23:08:40.983,BTC-17OCT25-118000-C,0.0105,6.0,buy,113488.84,47.69
2025-10-10 23:08:41.016,BTC-17OCT25-118000-C,0.0105,3.3,buy,113488.84,47.69
2025-10-10 23:08:44.725,BTC-26DEC25-95000-P,0.023,0.1,buy,113504.56,49.47
2025-10-10 23:08:56.562,BTC-31OCT25-115000-C,0.0335,3.0,sell,113578.86,40.25
2025-10-10 23:08:59.505,BTC-17OCT25-112000-C,0.032,4.0,sell,113569.25,46.87
2025-10-10 23:08:59.539,BTC-12OCT25-112000-P,0.0055,2.5,buy,113569.25,45.41
2025-10-10 23:08:59.540,BTC-17OCT25-112000-C,0.032,0.7,sell,113569.25,46.87
2025-10-10 23:09:00.456,BTC-17OCT25-120000-C,0.007,1.4,buy,113582.43,48.17
2025-10-10 23:09:02.915,BTC-12OCT25-112000-P,0.0055,6.4,buy,113579.55,45.61
2025-10-10 23:09:05.243,BTC-26DEC25-100000-P,0.0325,0.1,buy,113566.36,47.94
2025-10-10 23:09:05.255,BTC-26DEC25-100000-P,0.0325,2.4,buy,113566.36,47.94
2025-10-10 23:09:08.193,BTC-28NOV25-118000-C,0.047,0.1,sell,113525.21,42.13
2025-10-10 23:09:13.089,BTC-17OCT25-115000-P,0.032,0.5,sell,113486.55,46.61
2025-10-10 23:09:16.238,BTC-17OCT25-115000-P,0.0315,1.5,sell,113496.76,45.79
2025-10-10 23:09:17.346,BTC-31OCT25-115000-C,0.0335,3.2,sell,113494.78,40.43
2025-10-10 23:09:17.364,BTC-31OCT25-115000-C,0.0335,0.3,sell,113494.78,40.43
2025-10-10 23:09:17.403,BTC-28NOV25-95000-P,0.0125,0.3,buy,113488.65,48.69
2025-10-10 23:09:17.766,BTC-11OCT25-117000-P,0.032,0.1,buy,113457.11,74.48
2025-10-10 23:09:34.198,BTC-31OCT25-95000-P,0.0039,3.9,buy,113463.35,53.33
2025-10-10 23:09:34.814,BTC-12OCT25-112000-P,0.006,2.8,buy,113434.08,46.4
2025-10-10 23:09:39.762,BTC-26DEC25-140000-C,0.021,0.1,buy,113382.3,45.72
2025-10-10 23:09:39.762,BTC-26DEC25-140000-C,0.021,0.1,buy,113382.3,45.72
2025-10-10 23:09:40.104,BTC-26DEC25-135000-C,0.024,0.2,sell,113382.3,42.74
2025-10-10 23:09:42.756,BTC-17OCT25-113000-P,0.023,0.1,buy,113384.04,46.97
2025-10-10 23:09:43.109,BTC-26DEC25-108000-P,0.0535,5.0,sell,113384.04,44.91
2025-10-10 23:09:46.146,BTC-31OCT25-95000-P,0.0039,3.9,buy,113378.07,53.17
2025-10-10 23:09:47.174,BTC-12OCT25-117000-P,0.034,0.1,buy,113384.76,47.28
2025-10-10 23:09:49.573,BTC-14OCT25-119000-P,0.053,18.0,buy,113392.41,47.99
2025-10-10 23:10:00.923,BTC-24OCT25-115000-P,0.04,0.1,sell,113465.4,42.72
2025-10-10 23:10:01.065,BTC-31OCT25-104000-P,0.0105,3.2,sell,113465.4,43.81
2025-10-10 23:10:01.065,BTC-31OCT25-104000-P,0.0105,7.0,sell,113465.4,43.81
2025-10-10 23:10:01.068,BTC-31OCT25-104000-P,0.0105,3.4,buy,113465.4,43.81
2025-10-10 23:10:06.065,BTC-31OCT25-108000-P,0.019,0.1,sell,113513.13,43.04
2025-10-10 23:10:06.739,BTC-12OCT25-112000-P,0.0055,0.6,buy,113551.81,44.83
2025-10-10 23:10:13.949,BTC-31OCT25-98000-P,0.005,2.3,buy,113491.65,49.12
2025-10-10 23:10:24.118,BTC-31OCT25-110000-C,0.0575,0.4,buy,113493.24,41.54
2025-10-10 23:10:24.229,BTC-31OCT25-125000-C,0.0085,3.3,buy,113493.24,40.23
2025-10-10 23:10:24.791,BTC-17OCT25-113000-P,0.0225,0.1,sell,113502.59,47.07
2025-10-10 23:10:26.129,BTC-17OCT25-108000-P,0.0075,0.1,buy,113548.61,47.96
2025-10-10 23:10:26.309,BTC-17OCT25-108000-P,0.0075,0.1,buy,113548.61,47.96
2025-10-10 23:10:26.815,BTC-17OCT25-108000-P,0.0075,0.1,buy,113553.09,47.98
2025-10-10 23:10:30.044,BTC-26DEC25-95000-P,0.0225,0.1,buy,113548.09,49.04
2025-10-10 23:10:39.613,BTC-17OCT25-113000-P,0.022,0.1,buy,113495.6,46.08
2025-10-10 23:10:46.634,BTC-12OCT25-112000-P,0.0055,1.6,buy,113501.19,44.92
2025-10-10 23:10:51.986,BTC-31OCT25-104000-P,0.0105,7.4,buy,113427.79,43.68
2025-10-10 23:10:52.097,BTC-17OCT25-113000-P,0.0225,0.1,buy,113427.79,46.42
2025-10-10 23:10:53.085,BTC-31OCT25-114000-C,0.037,1.5,sell,113396.98,40.58
2025-10-10 23:10:53.122,BTC-17OCT25-111000-P,0.015,0.1,buy,113396.98,46.35
2025-10-10 23:10:53.545,BTC-27MAR26-115000-P,0.1135,0.1,buy,113396.98,45.26
2025-10-10 23:10:54.384,BTC-26DEC25-120000-C,0.061,0.1,sell,113367.09,43.96
2025-10-10 23:10:54.804,BTC-28NOV25-126000-C,0.025,0.1,sell,113367.09,42.02
2025-10-10 23:10:54.864,BTC-31OCT25-114000-C,0.0365,1.9,sell,113325.15,40.34
2025-10-10 23:10:54.898,BTC-31OCT25-128000-C,0.0055,2.9,buy,113325.15,41.05
2025-10-10 23:10:56.729,BTC-31OCT25-104000-P,0.0105,0.4,buy,113274.99,43.28
2025-10-10 23:10:57.128,BTC-17OCT25-111000-P,0.0155,0.1,buy,113274.99,46.52
2025-10-10 23:10:57.174,BTC-17OCT25-108000-P,0.008,0.1,buy,113274.99,47.82
2025-10-10 23:10:57.206,BTC-17OCT25-117000-P,0.046,0.1,buy,113274.99,49.35
2025-10-10 23:11:01.382,BTC-31OCT25-114000-C,0.0365,1.0,sell,113267.53,40.5
2025-10-10 23:11:07.068,BTC-31OCT25-108000-P,0.018,0.1,sell,113285.91,41.06
2025-10-10 23:11:07.070,BTC-31OCT25-108000-P,0.018,0.1,buy,113285.91,41.06
2025-10-10 23:11:07.963,BTC-12OCT25-112000-P,0.006,7.7,buy,113284.54,44.23
2025-10-10 23:11:08.072,BTC-31OCT25-98000-P,0.005,1.7,buy,113284.54,48.7
2025-10-10 23:11:15.275,BTC-17OCT25-108000-P,0.008,0.1,buy,113280.95,47.78
2025-10-10 23:11:15.566,BTC-31OCT25-104000-P,0.0105,0.4,buy,113269.09,43.42
2025-10-10 23:11:20.753,BTC-17OCT25-113000-P,0.023,0.1,buy,113286.31,45.99
2025-10-10 23:11:22.534,BTC-17OCT25-113000-P,0.023,0.1,buy,113264.84,45.79
2025-10-10 23:11:25.521,BTC-17OCT25-113000-P,0.023,0.1,buy,113258.6,45.73
2025-10-10 23:11:30.027,BTC-12OCT25-112000-P,0.006,2.9,buy,113209.86,43.58
2025-10-10 23:11:30.040,BTC-17OCT25-111000-P,0.0155,0.1,buy,113209.86,45.93
2025-10-10 23:11:35.453,BTC-26DEC25-100000-P,0.0325,1.1,buy,113131.41,47.19
2025-10-10 23:11:36.095,BTC-17OCT25-113000-P,0.0235,0.1,buy,113122.32,45.42
2025-10-10 23:11:36.197,BTC-31OCT25-114000-C,0.036,1.0,sell,113122.32,40.51
2025-10-10 23:11:40.620,BTC-31OCT25-122000-C,0.012,0.1,buy,113141.31,39.38
2025-10-10 23:11:50.600,BTC-31OCT25-110000-P,0.0255,13.4,buy,113254.78,42.23
2025-10-10 23:11:50.603,BTC-31OCT25-110000-P,0.0255,2.1,sell,113254.78,42.23
2025-10-10 23:11:50.603,BTC-31OCT25-110000-P,0.0255,2.9,sell,113254.78,42.23
2025-10-10 23:11:50.614,BTC-31OCT25-110000-P,0.0255,0.4,sell,113254.78,42.23
2025-10-10 23:11:52.568,BTC-28NOV25-108000-C,0.0895,0.1,sell,113259.06,42.23
2025-10-10 23:11:57.229,BTC-28NOV25-118000-C,0.0465,0.1,sell,113220.52,42.46
2025-10-10 23:11:57.879,BTC-17OCT25-113000-P,0.0235,0.1,buy,113220.52,46.23
2025-10-10 23:12:05.380,BTC-31OCT25-155000-C,0.0007,9.6,sell,113171.52,58.87
2025-10-10 23:12:06.575,BTC-31OCT25-95000-P,0.0037,0.1,sell,113166.86,51.92
2025-10-10 23:12:08.503,BTC-17OCT25-111000-P,0.016,0.1,buy,113175.7,46.57
2025-10-10 23:12:14.600,BTC-26DEC25-120000-P,0.11,0.1,sell,113110.94,44.8
2025-10-10 23:12:15.170,BTC-31OCT25-104000-P,0.0115,0.1,buy,113110.94,44.3
2025-10-10 23:12:27.585,BTC-17OCT25-108000-P,0.0085,0.1,buy,113125.52,48.05
2025-10-10 23:12:28.139,BTC-17OCT25-113000-P,0.024,0.1,buy,113123.71,46.22
2025-10-10 23:12:28.952,BTC-31OCT25-150000-C,0.0009,5.8,sell,113107.64,55.69
2025-10-10 23:12:33.508,BTC-11OCT25-124000-C,0.0006,8.0,buy,113172.7,153.86
2025-10-10 23:12:33.508,BTC-11OCT25-124000-C,0.0006,25.0,buy,113172.7,153.86
2025-10-10 23:12:33.689,BTC-17OCT25-118000-C,0.009,1.0,sell,113189.62,46.04
2025-10-10 23:12:34.562,BTC-31OCT25-114000-C,0.0365,1.2,sell,113189.62,41.27
2025-10-10 23:12:35.883,BTC-31OCT25-114000-C,0.0365,0.6,sell,113169.17,41.34
2025-10-10 23:12:41.738,BTC-31OCT25-122000-C,0.0125,0.1,buy,113160.62,40.21
2025-10-10 23:12:44.281,BTC-17OCT25-113000-P,0.0235,0.1,sell,113202.89,45.95
2025-10-10 23:12:46.388,BTC-31OCT25-122000-C,0.0125,0.1,buy,113203.35,40.1
2025-10-10 23:12:47.343,BTC-17OCT25-116000-C,0.014,0.9,sell,113218.35,46.01
2025-10-10 23:12:50.138,BTC-17OCT25-116000-C,0.014,0.9,sell,113225.41,45.93
2025-10-10 23:13:00.225,BTC-31OCT25-116000-C,0.0295,0.7,buy,113239.55,41.6
2025-10-10 23:13:01.134,BTC-31OCT25-120000-C,0.017,0.2,buy,113249.78,40.45
2025-10-10 23:13:01.198,BTC-24OCT25-115000-P,0.0415,0.1,sell,113249.78,43.32
2025-10-10 23:13:03.185,BTC-17OCT25-113000-P,0.024,0.1,buy,113270.26,47.47
2025-10-10 23:13:03.325,BTC-17OCT25-113000-P,0.0235,0.1,buy,113270.26,46.52
2025-10-10 23:13:03.425,BTC-17OCT25-113000-P,0.0235,0.1,buy,113270.26,46.52
2025-10-10 23:13:03.525,BTC-17OCT25-113000-P,0.0235,0.1,buy,113270.26,46.52
2025-10-10 23:13:03.711,BTC-17OCT25-113000-P,0.0235,0.1,buy,113277.8,46.59
2025-10-10 23:13:03.831,BTC-17OCT25-113000-P,0.0235,0.1,buy,113277.8,46.59
2025-10-10 23:13:04.113,BTC-17OCT25-113000-P,0.0235,0.1,buy,113277.8,46.59
2025-10-10 23:13:04.233,BTC-17OCT25-113000-P,0.0235,0.1,buy,113277.8,46.59
2025-10-10 23:13:04.415,BTC-17OCT25-111000-P,0.016,0.1,buy,113277.8,47.19
2025-10-10 23:13:04.511,BTC-17OCT25-113000-P,0.0235,0.1,buy,113277.8,46.59
2025-10-10 23:13:04.611,BTC-17OCT25-111000-P,0.016,0.1,buy,113277.8,47.19
2025-10-10 23:13:04.724,BTC-17OCT25-113000-P,0.0235,0.1,buy,113287.51,46.67
2025-10-10 23:13:04.815,BTC-17OCT25-111000-P,0.016,0.1,buy,113287.51,47.26
2025-10-10 23:13:05.012,BTC-17OCT25-111000-P,0.016,0.1,buy,113287.51,47.26
2025-10-10 23:13:05.215,BTC-17OCT25-111000-P,0.016,0.1,buy,113287.51,47.26
2025-10-10 23:13:05.514,BTC-17OCT25-111000-P,0.016,0.1,buy,113287.51,47.26
2025-10-10 23:13:05.811,BTC-17OCT25-111000-P,0.016,0.1,buy,113295.29,47.31
2025-10-10 23:13:06.040,BTC-17OCT25-113000-P,0.0235,0.1,buy,113295.29,46.74
2025-10-10 23:13:07.557,BTC-17OCT25-119000-C,0.007,0.8,sell,113271.79,45.37
2025-10-10 23:13:07.557,BTC-17OCT25-118000-C,0.009,1.1,sell,113271.79,45.61
2025-10-10 23:13:08.529,BTC-26DEC25-115000-P,0.083,0.3,buy,113268.96,44.59
2025-10-10 23:13:11.098,BTC-26DEC25-115000-P,0.083,2.0,buy,113257.61,44.57
2025-10-10 23:13:29.253,BTC-31OCT25-114000-P,0.0415,0.1,sell,113295.11,41.71
2025-10-10 23:13:38.280,BTC-31OCT25-114000-C,0.037,1.0,sell,113291.44,41.38
2025-10-10 23:13:41.441,BTC-31OCT25-120000-P,0.075,0.1,sell,113224.56,41.09
2025-10-10 23:13:43.936,BTC-11OCT25-122000-C,0.0003,1.0,buy,113226.87,116.37
2025-10-10 23:13:46.376,BTC-31OCT25-128000-C,0.006,3.0,buy,113228.52,42.57
2025-10-10 23:13:46.509,BTC-31OCT25-118000-C,0.023,2.1,buy,113228.52,41.5
2025-10-10 23:14:00.125,BTC-11OCT25-122000-C,0.0003,1.0,buy,113156.29,117.13
2025-10-10 23:14:02.453,BTC-31OCT25-120000-P,0.0755,0.1,sell,113159.55,40.97
2025-10-10 23:14:02.835,BTC-11OCT25-122000-C,0.0003,1.0,buy,113159.55,117.13
2025-10-10 23:14:07.431,BTC-11OCT25-122000-C,0.0003,1.0,buy,113144.8,117.26
2025-10-10 23:14:08.668,BTC-27MAR26-115000-P,0.114,0.1,buy,113143.43,45.02
2025-10-10 23:14:08.668,BTC-27MAR26-115000-P,0.114,0.1,buy,113143.43,45.02
2025-10-10 23:14:09.931,BTC-11OCT25-122000-C,0.0003,1.0,buy,113164.97,117.26
2025-10-10 23:14:10.127,BTC-26DEC25-400000-C,0.0001,0.6,buy,113164.97,83.6
2025-10-10 23:14:11.662,BTC-11OCT25-122000-C,0.0003,1.0,buy,113169.58,117.26
2025-10-10 23:14:14.813,BTC-31OCT25-122000-C,0.0125,1.9,buy,113187.17,40.17
2025-10-10 23:14:18.595,BTC-31OCT25-120000-C,0.0175,0.1,buy,113180.72,41.22
2025-10-10 23:14:22.886,BTC-31OCT25-120000-P,0.0755,0.1,sell,113164.2,40.98
2025-10-10 23:14:25.488,BTC-17OCT25-118000-C,0.009,1.5,buy,113229.53,45.69
2025-10-10 23:14:25.527,BTC-17OCT25-113000-P,0.024,4.7,sell,113229.53,47.36
2025-10-10 23:14:25.949,BTC-17OCT25-113000-P,0.024,3.0,sell,113220.13,47.28
2025-10-10 23:14:27.594,BTC-17OCT25-119000-C,0.007,2.4,buy,113237.16,45.41
2025-10-10 23:14:42.420,BTC-17OCT25-113000-P,0.0235,0.1,sell,113251.36,46.59
2025-10-10 23:14:46.452,BTC-17OCT25-119000-C,0.0065,1.4,sell,113258.86,44.0
2025-10-10 23:14:46.900,BTC-31OCT25-150000-C,0.0009,6.4,sell,113260.41,55.47
2025-10-10 23:14:46.927,BTC-31OCT25-160000-C,0.0006,2.3,sell,113260.41,62.59
2025-10-10 23:14:52.063,BTC-31OCT25-110000-P,0.026,0.5,sell,113270.84,42.56
2025-10-10 23:14:52.272,BTC-31OCT25-110000-P,0.026,0.4,sell,113270.84,42.56
2025-10-10 23:14:56.107,BTC-31OCT25-110000-P,0.026,1.1,sell,113299.25,42.73
2025-10-10 23:14:56.121,BTC-31OCT25-110000-P,0.026,0.3,sell,113299.25,42.73
2025-10-10 23:14:57.040,BTC-31OCT25-110000-P,0.026,3.9,sell,113305.93,42.73
2025-10-10 23:15:03.886,BTC-31OCT25-110000-P,0.025,0.1,sell,113342.56,41.73
2025-10-10 23:15:08.139,BTC-28NOV25-128000-C,0.021,0.3,buy,113314.23,42.03
2025-10-10 23:15:08.179,BTC-17OCT25-135000-C,0.0006,4.0,buy,113314.23,63.35
2025-10-10 23:15:09.566,BTC-31OCT25-120000-P,0.0745,0.2,sell,113311.33,40.88
2025-10-10 23:15:10.371,BTC-27MAR26-170000-C,0.021,0.1,buy,113302.27,46.29
2025-10-10 23:15:10.505,BTC-31OCT25-115000-C,0.033,1.1,sell,113302.96,41.33
2025-10-10 23:15:10.951,BTC-24OCT25-105000-P,0.01,0.3,sell,113302.27,48.02
2025-10-10 23:15:13.409,BTC-28NOV25-126000-C,0.025,1.2,buy,113301.19,42.21
2025-10-10 23:15:14.222,BTC-27MAR26-170000-C,0.021,0.1,buy,113307.23,46.29
2025-10-10 23:15:15.788,BTC-27MAR26-170000-C,0.021,0.1,buy,113294.78,46.3
2025-10-10 23:15:17.684,BTC-27MAR26-170000-C,0.021,0.1,buy,113271.72,46.31
2025-10-10 23:15:21.193,BTC-27MAR26-170000-C,0.021,0.1,buy,113259.62,46.32
2025-10-10 23:15:28.832,BTC-17OCT25-118000-C,0.0085,2.3,buy,113190.37,44.73
2025-10-10 23:15:29.288,BTC-17OCT25-118000-C,0.0085,0.6,buy,113190.37,44.73
2025-10-10 23:15:29.781,BTC-17OCT25-118000-C,0.0085,1.1,buy,113190.37,44.73
2025-10-10 23:15:34.334,BTC-28NOV25-100000-P,0.019,0.1,buy,113241.17,45.49
2025-10-10 23:15:38.041,BTC-31OCT25-117000-C,0.0255,16.6,buy,113221.0,41.07
2025-10-10 23:15:38.837,BTC-17OCT25-135000-C,0.0006,4.0,buy,113233.78,63.66
2025-10-10 23:15:40.148,BTC-17OCT25-123000-C,0.0035,0.5,buy,113234.94,50.28
2025-10-10 23:15:45.674,BTC-12OCT25-117000-C,0.0021,0.5,sell,113202.44,49.02
2025-10-10 23:15:49.038,BTC-31OCT25-100000-P,0.007,3.0,buy,113140.6,47.48
2025-10-10 23:15:50.945,BTC-31OCT25-98000-P,0.0055,2.3,sell,113139.36,49.29
2025-10-10 23:15:50.945,BTC-31OCT25-98000-P,0.0055,0.1,sell,113139.36,49.29
2025-10-10 23:15:51.170,BTC-31OCT25-150000-C,0.0009,2.2,sell,113133.95,55.74
2025-10-10 23:15:52.604,BTC-17OCT25-119000-C,0.0065,3.2,sell,113152.46,44.56
2025-10-10 23:15:57.949,BTC-17OCT25-111000-C,0.0345,2.6,sell,113262.61,44.78
2025-10-10 23:15:58.022,BTC-27MAR26-170000-C,0.021,0.2,buy,113240.24,46.33
2025-10-10 23:15:58.693,BTC-11OCT25-125000-P,0.103,2.7,sell,113262.61,0.0
2025-10-10 23:15:58.693,BTC-11OCT25-124000-P,0.094,2.1,sell,113262.61,0.0
2025-10-10 23:15:58.719,BTC-11OCT25-121000-P,0.0675,2.0,sell,113262.61,0.0
2025-10-10 23:15:58.719,BTC-11OCT25-119000-P,0.05,2.1,sell,113262.61,0.0
2025-10-10 23:15:58.724,BTC-17OCT25-111000-C,0.035,0.4,sell,113262.61,45.79
2025-10-10 23:15:59.497,BTC-17OCT25-111000-C,0.035,0.4,sell,113268.16,45.75
2025-10-10 23:15:59.948,BTC-31OCT25-116000-P,0.0515,4.0,sell,113268.16,41.25
2025-10-10 23:16:00.517,BTC-17OCT25-111000-C,0.035,4.4,sell,113291.56,45.5
2025-10-10 23:16:00.529,BTC-17OCT25-111000-C,0.035,0.1,sell,113291.56,45.5
2025-10-10 23:16:00.614,BTC-27MAR26-170000-C,0.021,0.2,buy,113291.56,46.3
2025-10-10 23:16:01.790,BTC-17OCT25-111000-C,0.035,0.1,sell,113318.2,45.21
2025-10-10 23:16:03.118,BTC-27MAR26-170000-C,0.021,0.2,buy,113337.85,46.26
2025-10-10 23:16:17.637,BTC-26DEC25-120000-P,0.109,0.1,sell,113207.38,44.63
2025-10-10 23:16:21.214,BTC-27MAR26-170000-C,0.021,0.2,buy,113248.55,46.32
2025-10-10 23:16:23.552,BTC-31OCT25-112000-P,0.0335,0.1,buy,113303.7,42.51
2025-10-10 23:16:23.557,BTC-28NOV25-128000-C,0.0195,0.1,sell,113303.7,40.63
2025-10-10 23:16:23.560,BTC-28NOV25-100000-P,0.018,0.1,sell,113303.7,44.69
2025-10-10 23:16:23.887,BTC-27MAR26-170000-C,0.021,0.2,buy,113303.7,46.29
2025-10-10 23:16:28.495,BTC-13OCT25-120000-C,0.0022,0.4,buy,113280.25,55.8
2025-10-10 23:16:38.684,BTC-27MAR26-115000-P,0.113,0.1,buy,113348.52,45.02
2025-10-10 23:16:55.276,BTC-26DEC25-102000-P,0.0365,2.3,buy,113324.86,46.51
2025-10-10 23:16:57.385,BTC-17OCT25-114000-P,0.0285,0.8,buy,113327.15,47.86
2025-10-10 23:16:57.415,BTC-17OCT25-107000-P,0.007,0.1,buy,113327.15,50.43
2025-10-10 23:16:57.421,BTC-17OCT25-114000-P,0.0285,0.3,buy,113327.15,47.86
2025-10-10 23:16:57.437,BTC-17OCT25-114000-P,0.0285,0.3,buy,113327.15,47.86
2025-10-10 23:16:57.818,BTC-17OCT25-118000-C,0.0085,1.5,sell,113327.15,44.07
2025-10-10 23:16:57.818,BTC-17OCT25-118000-C,0.0085,2.9,sell,113327.15,44.07
2025-10-10 23:17:01.040,BTC-11OCT25-106000-P,0.001,4.3,buy,113288.3,134.18
2025-10-10 23:17:01.557,BTC-17OCT25-135000-C,0.0006,0.1,buy,113256.81,63.51
2025-10-10 23:17:05.709,BTC-17OCT25-113000-P,0.024,1.5,sell,113234.91,47.22
2025-10-10 23:17:08.672,BTC-17OCT25-95000-P,0.0011,0.1,sell,113308.39,72.08
2025-10-10 23:17:11.866,BTC-26DEC25-65000-P,0.0032,0.2,sell,113324.86,68.37
2025-10-10 23:17:15.242,BTC-17OCT25-128000-C,0.001,0.4,buy,113337.9,51.09
2025-10-10 23:17:15.263,BTC-17OCT25-128000-C,0.001,0.1,buy,113337.9,51.09
2025-10-10 23:17:18.425,BTC-27MAR26-140000-C,0.058,0.2,sell,113322.69,45.66
2025-10-10 23:17:18.425,BTC-27MAR26-140000-C,0.058,0.1,sell,113322.69,45.66
2025-10-10 23:17:24.855,BTC-31OCT25-124000-C,0.0095,5.0,sell,113166.77,40.77
2025-10-10 23:17:25.062,BTC-17OCT25-123000-P,0.091,0.1,buy,113146.28,50.41
2025-10-10 23:17:27.417,BTC-31OCT25-150000-C,0.0009,2.0,sell,113126.8,55.81
2025-10-10 23:18:00.723,BTC-17OCT25-96000-P,0.0017,2.7,buy,113191.15,73.83
2025-10-10 23:18:04.339,BTC-17OCT25-135000-C,0.0006,4.0,buy,113247.96,63.71
2025-10-10 23:18:04.350,BTC-17OCT25-135000-C,0.0006,0.1,buy,113247.96,63.71
2025-10-10 23:18:06.667,BTC-31OCT25-104000-P,0.0115,6.5,buy,113232.31,44.35
2025-10-10 23:18:19.048,BTC-12OCT25-117000-C,0.0026,2.0,sell,113331.93,51.82
2025-10-10 23:18:19.798,BTC-12OCT25-117000-C,0.0027,2.0,buy,113329.82,52.49
2025-10-10 23:18:20.177,BTC-28NOV25-122000-P,0.105,0.1,buy,113329.82,43.13
2025-10-10 23:18:20.316,BTC-12OCT25-117000-C,0.0026,2.0,sell,113329.82,51.82
2025-10-10 23:18:20.475,BTC-13OCT25-121000-C,0.0015,0.1,sell,113329.82,55.98
2025-10-10 23:18:20.871,BTC-13OCT25-120000-C,0.0019,0.5,sell,113328.23,53.64
2025-10-10 23:18:21.945,BTC-13OCT25-120000-C,0.0019,0.2,sell,113323.28,53.65
2025-10-10 23:18:24.717,BTC-12OCT25-114000-C,0.0085,0.5,buy,113321.92,46.12
2025-10-10 23:18:25.220,BTC-12OCT25-117000-C,0.0024,2.0,sell,113321.92,50.3
2025-10-10 23:18:30.542,BTC-17OCT25-128000-C,0.0009,0.2,buy,113320.2,50.2
2025-10-10 23:18:32.549,BTC-11OCT25-115000-C,0.0033,0.9,buy,113330.05,69.57
2025-10-10 23:18:32.559,BTC-12OCT25-117000-C,0.0024,1.0,buy,113330.05,50.32
2025-10-10 23:18:32.575,BTC-31OCT25-105000-P,0.013,0.1,sell,113330.05,43.85
2025-10-10 23:18:32.601,BTC-17OCT25-113000-P,0.023,0.1,sell,113330.05,46.11
2025-10-10 23:18:32.764,BTC-17OCT25-135000-C,0.0006,4.0,buy,113330.05,63.46
2025-10-10 23:18:33.246,BTC-12OCT25-124000-P,0.092,2.3,sell,113330.05,0.0
2025-10-10 23:18:33.247,BTC-17OCT25-114000-P,0.027,0.1,sell,113363.57,45.25
2025-10-10 23:18:33.263,BTC-11OCT25-112000-P,0.0039,0.1,sell,113363.57,67.75
2025-10-10 23:18:33.615,BTC-12OCT25-114000-C,0.0095,0.3,buy,113363.57,50.35
2025-10-10 23:18:33.712,BTC-11OCT25-115000-C,0.0034,2.6,buy,113363.57,70.33
2025-10-10 23:18:33.721,BTC-11OCT25-115000-C,0.0034,0.3,buy,113363.57,70.33
2025-10-10 23:18:34.292,BTC-31OCT25-108000-P,0.019,0.1,sell,113450.7,42.33
2025-10-10 23:18:35.276,BTC-11OCT25-115000-C,0.0034,0.8,buy,113516.35,70.33
2025-10-10 23:18:35.279,BTC-11OCT25-122000-C,0.0003,1.0,buy,113516.35,114.25
2025-10-10 23:18:36.812,BTC-31OCT25-114000-P,0.04,5.0,sell,113566.51,41.3
2025-10-10 23:18:36.839,BTC-11OCT25-115000-C,0.0034,0.8,buy,113566.51,70.33
2025-10-10 23:18:36.904,BTC-31OCT25-118000-P,0.0618,0.1,sell,113566.01,42.19
2025-10-10 23:18:36.904,BTC-26DEC25-114000-P,0.0768,0.1,buy,113566.01,44.38
2025-10-10 23:18:37.495,BTC-31OCT25-122000-C,0.013,0.1,buy,113566.01,39.93
2025-10-10 23:18:42.515,BTC-11OCT25-115000-C,0.0034,1.1,buy,113593.12,64.36
2025-10-10 23:18:43.921,BTC-31OCT25-160000-C,0.0008,4.0,buy,113601.17,64.58
2025-10-10 23:18:43.931,BTC-31OCT25-160000-C,0.0008,0.1,buy,113601.17,64.58
2025-10-10 23:18:44.015,BTC-31OCT25-160000-C,0.0006,1.9,buy,113601.17,62.19
2025-10-10 23:18:44.779,BTC-11OCT25-112000-P,0.0039,0.1,sell,113602.72,74.54
2025-10-10 23:18:46.322,BTC-24OCT25-140000-C,0.0014,3.8,sell,113594.12,57.69
2025-10-10 23:18:47.783,BTC-11OCT25-112000-P,0.0039,0.1,sell,113567.95,74.54
2025-10-10 23:18:50.789,BTC-11OCT25-112000-P,0.0039,0.1,sell,113559.34,73.39
2025-10-10 23:18:55.144,BTC-12OCT25-116000-C,0.004,0.1,buy,113549.92,47.6
2025-10-10 23:18:55.923,BTC-31OCT25-112000-P,0.0315,3.2,buy,113562.44,41.45
2025-10-10 23:19:04.858,BTC-26DEC25-110000-C,0.103,0.1,sell,113484.63,44.95
2025-10-10 23:19:09.785,BTC-31OCT25-105000-P,0.013,2.0,sell,113463.32,44.37
2025-10-10 23:19:09.806,BTC-12OCT25-116000-C,0.004,0.1,buy,113463.32,48.78
2025-10-10 23:19:17.395,BTC-13OCT25-120000-C,0.002,0.7,sell,113575.84,52.81
2025-10-10 23:19:17.436,BTC-31OCT25-112000-P,0.0315,1.0,buy,113575.84,41.64
2025-10-10 23:19:17.535,BTC-31OCT25-150000-C,0.0009,2.0,sell,113575.84,55.05
2025-10-10 23:19:17.790,BTC-17OCT25-113000-P,0.0225,0.1,buy,113575.84,47.73
2025-10-10 23:19:19.290,BTC-11OCT25-124000-P,0.095,1.6,buy,113387.8,214.86
2025-10-10 23:19:19.580,BTC-11OCT25-124000-P,0.095,0.7,buy,113387.8,214.86
2025-10-10 23:19:20.028,BTC-31OCT25-150000-C,0.0009,6.6,sell,113387.8,55.19
2025-10-10 23:19:20.310,BTC-26DEC25-112000-P,0.07,0.1,buy,113387.8,45.28
2025-10-10 23:19:20.397,BTC-17OCT25-104000-P,0.0044,0.8,buy,113350.38,56.57
2025-10-10 23:19:20.398,BTC-13OCT25-120000-C,0.0019,1.4,sell,113350.38,51.99
2025-10-10 23:19:21.251,BTC-26DEC25-112000-P,0.07,2.0,buy,113350.38,45.2
2025-10-10 23:19:21.263,BTC-17OCT25-104000-P,0.0044,0.1,buy,113280.51,56.56
2025-10-10 23:19:21.289,BTC-26DEC25-90000-P,0.0155,0.1,buy,113350.38,50.62
2025-10-10 23:19:23.673,BTC-31OCT25-150000-C,0.0009,2.1,sell,113240.06,55.54
2025-10-10 23:19:33.289,BTC-17OCT25-128000-P,0.1305,1.2,buy,113448.72,59.41
2025-10-10 23:19:35.724,BTC-17OCT25-111000-P,0.015,1.0,sell,113459.78,46.7
2025-10-10 23:19:46.985,BTC-17OCT25-114000-C,0.0225,0.1,buy,113508.31,46.55
2025-10-10 23:19:49.857,BTC-12OCT25-116000-C,0.0038,0.1,buy,113546.97,47.76
2025-10-10 23:19:51.821,BTC-28NOV25-100000-P,0.018,1.0,buy,113516.73,45.11
2025-10-10 23:19:58.070,BTC-31OCT25-112000-P,0.0315,1.8,buy,113472.4,40.87
2025-10-10 23:19:59.101,BTC-28NOV25-100000-P,0.0185,1.0,buy,113469.26,45.5
2025-10-10 23:19:59.915,BTC-31OCT25-112000-P,0.0315,0.5,buy,113450.09,40.86
2025-10-10 23:20:00.684,BTC-26DEC25-90000-P,0.0155,0.3,buy,113440.95,50.73
2025-10-10 23:20:07.991,BTC-26DEC25-90000-P,0.0155,0.3,buy,113472.43,50.77
2025-10-10 23:20:09.080,BTC-31OCT25-112000-P,0.0315,0.7,buy,113495.29,41.02
2025-10-10 23:20:16.224,BTC-26DEC25-140000-C,0.02,1.0,sell,113421.73,44.86
2025-10-10 23:20:18.022,BTC-17OCT25-113000-P,0.023,0.1,buy,113427.39,47.43
2025-10-10 23:20:19.734,BTC-28NOV25-118000-C,0.046,0.1,sell,113360.56,41.77
2025-10-10 23:20:28.648,BTC-28NOV25-130000-C,0.019,0.1,buy,113509.37,42.91
2025-10-10 23:20:32.986,BTC-11OCT25-115000-C,0.0033,1.0,buy,113547.19,65.31
2025-10-10 23:20:35.110,BTC-17OCT25-116000-C,0.015,0.7,buy,113535.46,45.54
2025-10-10 23:20:36.873,BTC-26DEC25-130000-C,0.033,0.1,sell,113589.56,42.48
2025-10-10 23:20:36.875,BTC-26DEC25-100000-P,0.029,0.1,sell,113589.56,45.48
2025-10-10 23:20:37.145,BTC-28NOV25-95000-P,0.012,0.1,sell,113589.56,48.25
2025-10-10 23:20:43.805,BTC-11OCT25-124000-P,0.0935,1.8,buy,113399.53,159.56
2025-10-10 23:20:43.817,BTC-11OCT25-124000-P,0.0935,0.3,buy,113399.53,159.56
2025-10-10 23:20:55.728,BTC-28NOV25-130000-C,0.018,0.9,buy,113447.06,41.99
2025-10-10 23:21:04.948,BTC-17OCT25-128000-P,0.1315,0.2,buy,113356.37,60.67
2025-10-10 23:21:04.959,BTC-17OCT25-128000-P,0.1315,0.1,buy,113356.37,60.67
2025-10-10 23:21:05.108,BTC-12OCT25-120000-C,0.0005,1.0,sell,113343.76,52.26
2025-10-10 23:21:14.546,BTC-31OCT25-104000-P,0.0115,1.7,sell,113239.77,44.38
2025-10-10 23:21:14.646,BTC-31OCT25-104000-P,0.012,2.0,sell,113239.77,45.16
2025-10-10 23:21:23.375,BTC-31OCT25-100000-P,0.0065,0.1,sell,113225.35,46.6
2025-10-10 23:21:23.375,BTC-31OCT25-100000-P,0.0065,2.9,sell,113225.35,46.6
2025-10-10 23:21:30.113,BTC-28NOV25-100000-P,0.019,1.0,buy,113224.03,45.75
2025-10-10 23:22:03.801,BTC-28NOV25-100000-P,0.0185,0.9,buy,113305.79,45.4
2025-10-10 23:22:21.057,BTC-26DEC25-130000-C,0.034,1.0,buy,113368.67,43.46
2025-10-10 23:22:22.975,BTC-26DEC25-110000-C,0.1025,1.0,sell,113308.2,45.1
2025-10-10 23:22:26.680,BTC-31OCT25-130000-C,0.004,0.1,sell,113321.31,41.51
2025-10-10 23:22:27.706,BTC-31OCT25-102000-P,0.009,0.5,buy,113331.46,46.38
2025-10-10 23:22:27.717,BTC-31OCT25-102000-P,0.009,0.3,buy,113331.46,46.38
2025-10-10 23:22:27.732,BTC-31OCT25-102000-P,0.009,0.3,buy,113331.46,46.38
2025-10-10 23:22:27.744,BTC-31OCT25-102000-P,0.009,0.3,buy,113331.46,46.38
2025-10-10 23:22:27.757,BTC-31OCT25-102000-P,0.009,0.3,buy,113331.46,46.38
2025-10-10 23:22:29.932,BTC-31OCT25-102000-P,0.009,0.3,buy,113379.44,46.51
2025-10-10 23:22:32.301,BTC-24OCT25-108000-P,0.015,1.6,buy,113388.97,45.55
2025-10-10 23:22:34.062,BTC-31OCT25-100000-P,0.007,1.1,buy,113393.98,48.14
2025-10-10 23:22:34.655,BTC-24OCT25-108000-P,0.015,0.4,buy,113394.79,45.54
2025-10-10 23:22:34.665,BTC-31OCT25-115000-C,0.0325,2.1,sell,113394.79,40.43
2025-10-10 23:22:34.719,BTC-28NOV25-118000-C,0.0455,0.1,sell,113393.98,41.05
2025-10-10 23:22:36.073,BTC-31OCT25-100000-P,0.007,2.6,buy,113305.33,48.15
2025-10-10 23:22:38.884,BTC-28NOV25-100000-P,0.0185,0.1,buy,113271.28,45.34
2025-10-10 23:22:40.219,BTC-31OCT25-102000-P,0.009,4.9,sell,113268.33,46.2
2025-10-10 23:22:41.849,BTC-31OCT25-116000-C,0.029,0.1,sell,113271.67,41.11
2025-10-10 23:22:58.645,BTC-31OCT25-118000-C,0.022,0.1,buy,113331.4,40.1
2025-10-10 23:23:05.184,BTC-31OCT25-128000-C,0.0055,2.3,buy,113336.99,41.35
2025-10-10 23:23:05.198,BTC-31OCT25-128000-C,0.0055,2.3,buy,113336.99,41.35
2025-10-10 23:23:12.897,BTC-31OCT25-124000-C,0.0095,0.9,buy,113353.26,40.24
2025-10-10 23:23:21.346,BTC-31OCT25-124000-C,0.0095,1.3,buy,113452.59,39.91
2025-10-10 23:23:22.224,BTC-31OCT25-110000-P,0.024,0.1,sell,113459.65,41.08
2025-10-10 23:23:22.232,BTC-17OCT25-113000-P,0.022,0.1,sell,113452.59,45.74
2025-10-10 23:23:23.971,BTC-17OCT25-111000-C,0.0365,0.4,sell,113489.33,45.73
2025-10-10 23:23:24.058,BTC-17OCT25-111000-C,0.0365,0.4,sell,113489.33,45.73
2025-10-10 23:23:25.171,BTC-31OCT25-110000-P,0.0235,0.1,sell,113530.96,40.79
2025-10-10 23:23:26.661,BTC-26DEC25-90000-P,0.016,0.1,sell,113568.89,51.44
2025-10-10 23:23:29.315,BTC-17OCT25-116000-C,0.015,0.3,buy,113594.72,45.12
2025-10-10 23:23:29.379,BTC-31OCT25-114000-P,0.039,0.5,sell,113610.11,40.58
2025-10-10 23:23:29.832,BTC-28NOV25-112000-P,0.054,0.1,buy,113610.11,44.48
2025-10-10 23:23:29.834,BTC-26DEC25-130000-C,0.0325,0.1,sell,113610.11,42.17
2025-10-10 23:23:29.837,BTC-26DEC25-100000-P,0.029,0.1,sell,113610.11,45.49
2025-10-10 23:23:30.287,BTC-28NOV25-110000-P,0.043,0.1,sell,113612.37,42.31
2025-10-10 23:23:35.984,BTC-31OCT25-104000-P,0.011,2.7,sell,113560.16,44.7
2025-10-10 23:23:40.049,BTC-28NOV25-108000-P,0.037,0.8,buy,113589.69,43.14
2025-10-10 23:23:41.552,BTC-28NOV25-108000-P,0.037,0.8,buy,113573.44,43.1
2025-10-10 23:23:50.468,BTC-31OCT25-150000-C,0.0011,0.1,sell,113597.5,56.64
2025-10-10 23:23:51.248,BTC-28NOV25-108000-P,0.037,0.8,buy,113582.56,43.12
2025-10-10 23:23:56.763,BTC-17OCT25-125000-C,0.0019,8.7,buy,113586.94,47.83
2025-10-10 23:23:58.986,BTC-31OCT25-114000-P,0.0395,0.1,buy,113594.34,41.01
2025-10-10 23:24:19.398,BTC-31OCT25-100000-P,0.0065,3.1,buy,113596.7,47.6
2025-10-10 23:24:19.409,BTC-31OCT25-100000-P,0.0065,0.1,buy,113596.7,47.6
2025-10-10 23:24:20.637,BTC-28NOV25-108000-C,0.0915,2.6,sell,113641.45,42.08
2025-10-10 23:24:24.034,BTC-28NOV25-108000-C,0.0915,1.3,sell,113634.96,42.11
2025-10-10 23:24:35.564,BTC-31OCT25-95000-P,0.0035,0.1,sell,113640.12,52.14
2025-10-10 23:24:35.901,BTC-31OCT25-110000-P,0.0235,0.9,buy,113669.84,41.36
2025-10-10 23:24:35.915,BTC-17OCT25-114000-P,0.026,0.1,buy,113669.84,46.88
2025-10-10 23:24:41.034,BTC-28NOV25-100000-P,0.0185,2.5,buy,113609.43,45.78
2025-10-10 23:24:41.441,BTC-26DEC25-65000-P,0.003,0.1,buy,113563.86,67.89
2025-10-10 23:24:43.230,BTC-17OCT25-115000-P,0.0315,0.5,buy,113550.99,46.61
2025-10-10 23:24:46.238,BTC-17OCT25-115000-P,0.0315,0.5,buy,113550.14,46.57
2025-10-10 23:24:47.311,BTC-31OCT25-120000-C,0.0175,2.0,sell,113558.34,40.12
2025-10-10 23:24:47.546,BTC-17OCT25-115000-P,0.0315,0.5,buy,113544.03,46.5
2025-10-10 23:24:54.043,BTC-17OCT25-115000-P,0.0315,0.5,buy,113550.72,46.63
2025-10-10 23:24:56.265,BTC-17OCT25-130000-C,0.0008,1.0,sell,113522.36,53.42
2025-10-10 23:24:56.724,BTC-28NOV25-100000-P,0.0185,2.5,buy,113522.36,45.63
2025-10-10 23:25:07.131,BTC-28NOV25-108000-P,0.0365,0.8,buy,113523.65,42.46
2025-10-10 23:25:08.742,BTC-31OCT25-110000-P,0.024,0.5,buy,113557.48,41.47
2025-10-10 23:25:08.800,BTC-28NOV25-108000-C,0.091,0.5,sell,113542.06,42.28
2025-10-10 23:25:09.743,BTC-31OCT25-110000-P,0.024,0.5,buy,113540.5,41.46
2025-10-10 23:25:10.489,BTC-28NOV25-108000-P,0.0365,0.8,buy,113540.5,42.49
2025-10-10 23:25:10.646,BTC-28NOV25-108000-P,0.0365,0.8,buy,113540.5,42.49
2025-10-10 23:25:15.842,BTC-28NOV25-100000-P,0.018,0.1,sell,113555.7,45.08
2025-10-10 23:25:16.059,BTC-28NOV25-108000-P,0.0365,0.8,buy,113560.93,42.54
2025-10-10 23:25:27.618,BTC-31OCT25-112000-P,0.0305,0.7,buy,113625.21,40.75
2025-10-10 23:26:00.461,BTC-28NOV25-108000-P,0.0355,0.1,sell,113654.51,41.98
2025-10-10 23:26:00.968,BTC-31OCT25-114000-P,0.039,1.4,sell,113661.64,40.74
2025-10-10 23:26:02.806,BTC-31OCT25-112000-P,0.0305,1.3,buy,113681.55,40.89
2025-10-10 23:26:05.772,BTC-28NOV25-120000-P,0.0875,0.1,buy,113654.27,40.09
2025-10-10 23:26:16.052,BTC-31OCT25-108000-P,0.018,0.1,buy,113676.91,41.85
2025-10-10 23:26:16.058,BTC-31OCT25-108000-P,0.018,1.1,buy,113676.91,41.85
2025-10-10 23:26:20.665,BTC-31OCT25-126000-C,0.0075,0.1,buy,113728.36,40.4
2025-10-10 23:26:20.667,BTC-31OCT25-114000-P,0.039,1.5,sell,113728.36,40.99
2025-10-10 23:26:25.077,BTC-31OCT25-115000-P,0.0425,0.1,sell,113713.78,39.64
2025-10-10 23:26:28.453,BTC-17OCT25-124000-C,0.0023,2.0,buy,113727.62,46.62
2025-10-10 23:26:35.555,BTC-31OCT25-128000-C,0.006,2.9,buy,113724.64,41.61
2025-10-10 23:26:36.576,BTC-31OCT25-114000-C,0.039,0.6,buy,113724.64,41.77
2025-10-10 23:26:38.643,BTC-31OCT25-114000-P,0.039,1.6,sell,113756.07,41.1
2025-10-10 23:26:39.856,BTC-11OCT25-115000-C,0.0034,0.3,buy,113796.63,60.75
2025-10-10 23:26:48.766,BTC-31OCT25-128000-C,0.006,2.9,buy,113820.81,41.24
2025-10-10 23:26:49.367,BTC-13OCT25-110000-P,0.005,0.7,sell,113825.52,52.85
2025-10-10 23:26:50.439,BTC-31OCT25-104000-P,0.0105,0.1,sell,113840.04,44.51
2025-10-10 23:26:50.649,BTC-26DEC25-60000-P,0.002,0.6,sell,113859.94,71.41
2025-10-10 23:26:54.469,BTC-31OCT25-110000-P,0.023,0.5,buy,113862.44,41.37
2025-10-10 23:26:55.921,BTC-28NOV25-120000-P,0.086,0.1,sell,113841.72,39.56
2025-10-10 23:27:00.377,BTC-13OCT25-110000-P,0.005,0.8,sell,113843.7,52.92
2025-10-10 23:27:00.377,BTC-31OCT25-128000-C,0.006,0.2,buy,113843.7,41.3
2025-10-10 23:27:00.491,BTC-24OCT25-112000-P,0.025,0.1,sell,113843.7,43.32
2025-10-10 23:27:02.769,BTC-13OCT25-110000-P,0.005,0.5,sell,113936.48,53.23
2025-10-10 23:27:05.360,BTC-12OCT25-112000-P,0.005,1.0,sell,113968.77,48.0
2025-10-10 23:27:05.493,BTC-24OCT25-112000-P,0.0245,0.1,sell,113968.77,43.26
2025-10-10 23:27:06.612,BTC-31OCT25-102000-P,0.008,0.1,sell,113978.74,46.14
2025-10-10 23:27:07.216,BTC-31OCT25-105000-P,0.0115,0.1,sell,113995.99,43.57
2025-10-10 23:27:16.130,BTC-11OCT25-125000-P,0.096,0.2,buy,114099.29,144.5
2025-10-10 23:27:17.251,BTC-27MAR26-70000-P,0.0115,0.4,sell,114099.6,56.07
2025-10-10 23:27:18.449,BTC-31OCT25-100000-P,0.006,0.1,buy,114074.16,47.56
2025-10-10 23:27:21.806,BTC-31OCT25-138000-C,0.0025,2.0,sell,114070.72,48.06
2025-10-10 23:27:23.460,BTC-31OCT25-106000-P,0.0125,0.1,sell,114111.57,42.23
2025-10-10 23:27:31.757,BTC-28NOV25-132000-C,0.016,1.8,sell,114047.92,42.08
2025-10-10 23:27:33.078,BTC-28NOV25-112000-C,0.0725,0.1,sell,114044.6,41.77
2025-10-10 23:27:38.315,BTC-26DEC25-120000-C,0.064,1.0,sell,113943.74,44.53
2025-10-10 23:27:40.271,BTC-26DEC25-160000-C,0.007,0.1,buy,113928.1,46.98
2025-10-10 23:27:55.477,BTC-24OCT25-115000-P,0.0369,0.1,sell,113992.78,42.62
2025-10-10 23:28:01.595,BTC-17OCT25-115000-P,0.0285,0.1,buy,114032.76,45.22
2025-10-10 23:28:15.170,BTC-27MAR26-115000-P,0.1095,0.1,buy,114051.44,44.87
2025-10-10 23:28:20.175,BTC-11OCT25-117000-C,0.0006,0.3,sell,114055.4,56.74
2025-10-10 23:28:46.677,BTC-28NOV25-160000-C,0.0038,1.3,buy,114028.58,52.49
2025-10-10 23:28:47.200,BTC-28NOV25-160000-C,0.0038,0.1,buy,114028.58,52.49
2025-10-10 23:28:47.725,BTC-28NOV25-160000-C,0.0038,0.4,buy,114002.43,52.52
2025-10-10 23:28:47.938,BTC-31OCT25-114000-C,0.0395,0.6,sell,114002.43,40.99
2025-10-10 23:28:47.960,BTC-31OCT25-108000-P,0.0175,0.4,buy,114002.43,42.34
2025-10-10 23:28:48.047,BTC-31OCT25-108000-P,0.0175,0.2,buy,113980.9,42.26
2025-10-10 23:28:48.481,BTC-31OCT25-108000-P,0.0175,1.5,buy,113980.9,42.26
2025-10-10 23:28:48.511,BTC-28NOV25-160000-C,0.0038,0.2,buy,113980.9,52.52
2025-10-10 23:29:03.787,BTC-31OCT25-110000-P,0.0225,0.1,buy,114041.07,41.25
2025-10-10 23:29:03.805,BTC-31OCT25-110000-P,0.0225,0.9,buy,114041.07,41.25
2025-10-10 23:29:04.459,BTC-31OCT25-110000-P,0.023,0.1,sell,114028.7,41.86
2025-10-10 23:29:06.038,BTC-27MAR26-150000-C,0.0405,1.3,sell,114018.92,44.87
2025-10-10 23:29:21.226,BTC-17OCT25-122000-C,0.0041,0.1,buy,114014.4,45.86
2025-10-10 23:29:23.112,BTC-31OCT25-132000-C,0.0041,2.6,sell,113992.18,43.91
2025-10-10 23:29:23.338,BTC-31OCT25-135000-C,0.0031,2.0,sell,113992.18,45.89
2025-10-10 23:29:23.860,BTC-31OCT25-136000-C,0.0028,2.0,sell,113992.18,46.38
2025-10-10 23:29:24.035,BTC-31OCT25-112000-P,0.0295,0.8,buy,113982.08,41.01
2025-10-10 23:29:24.177,BTC-31OCT25-108000-P,0.0175,2.2,buy,113982.08,42.2
2025-10-10 23:29:24.189,BTC-26DEC25-110000-C,0.105,0.5,sell,113982.08,44.81
2025-10-10 23:29:24.380,BTC-26DEC25-115000-C,0.0795,0.1,sell,113982.08,42.89
2025-10-10 23:29:24.425,BTC-26DEC25-115000-C,0.0795,0.1,sell,113982.08,42.89
2025-10-10 23:29:24.896,BTC-31OCT25-138000-C,0.0027,2.0,buy,113982.08,49.03
2025-10-10 23:29:26.554,BTC-26DEC25-115000-C,0.0795,0.1,sell,113954.8,42.97
2025-10-10 23:29:26.560,BTC-26DEC25-115000-C,0.0795,0.1,sell,113954.8,42.97
2025-10-10 23:29:29.564,BTC-26DEC25-130000-C,0.036,0.1,buy,113929.2,43.94
2025-10-10 23:29:29.571,BTC-26DEC25-125000-C,0.047,0.9,sell,113929.2,43.43
2025-10-10 23:29:30.366,BTC-26DEC25-110000-P,0.058,0.6,sell,113929.2,44.26
2025-10-10 23:29:31.056,BTC-26DEC25-130000-C,0.036,0.5,buy,113930.68,43.94
2025-10-10 23:29:36.827,BTC-28NOV25-134000-C,0.014,0.3,sell,114102.92,42.33
2025-10-10 23:29:39.458,BTC-28NOV25-126000-C,0.0255,0.7,buy,114100.14,40.76
2025-10-10 23:29:56.358,BTC-26DEC25-65000-P,0.0028,0.6,sell,114047.07,67.41
2025-10-10 23:29:59.421,BTC-26DEC25-160000-C,0.008,6.2,buy,114010.14,48.37
2025-10-10 23:30:00.115,BTC-26DEC25-120000-C,0.0645,0.1,buy,113994.47,44.72
2025-10-10 23:30:00.506,BTC-26DEC25-122000-C,0.058,0.1,buy,113992.98,44.69
2025-10-10 23:30:00.508,BTC-26DEC25-180000-C,0.0041,0.9,buy,113992.98,53.42
2025-10-10 23:30:00.508,BTC-26DEC25-180000-C,0.0041,0.1,buy,113992.98,53.42
2025-10-10 23:30:00.522,BTC-26DEC25-170000-C,0.005,0.1,buy,113992.98,49.81
2025-10-10 23:30:03.284,BTC-26DEC25-180000-C,0.0042,0.6,buy,113962.66,53.67
2025-10-10 23:30:04.289,BTC-26DEC25-180000-C,0.0042,0.2,buy,113931.78,53.67
2025-10-10 23:30:04.310,BTC-26DEC25-180000-C,0.0042,0.2,buy,113931.78,53.67
2025-10-10 23:30:04.364,BTC-17OCT25-114000-P,0.024,2.0,sell,113931.78,44.75
2025-10-10 23:30:04.376,BTC-17OCT25-114000-P,0.024,1.6,sell,113931.78,44.75
2025-10-10 23:30:18.240,BTC-17OCT25-120000-C,0.006,2.0,sell,114024.21,43.48
2025-10-10 23:30:19.077,BTC-17OCT25-114000-P,0.0235,0.1,sell,114068.53,45.16
2025-10-10 23:30:19.150,BTC-26DEC25-125000-C,0.0495,0.1,buy,114068.53,44.66
2025-10-10 23:30:20.830,BTC-17OCT25-118000-C,0.0105,1.4,buy,114102.23,44.48
2025-10-10 23:30:21.303,BTC-31OCT25-108000-P,0.017,0.1,sell,114102.23,42.05
2025-10-10 23:30:24.032,BTC-31OCT25-108000-P,0.017,0.2,buy,114092.74,42.02
2025-10-10 23:30:24.966,BTC-31OCT25-112000-P,0.029,0.7,buy,114101.72,41.1
2025-10-10 23:30:27.559,BTC-28NOV25-112000-C,0.0725,0.5,sell,114033.33,40.97
2025-10-10 23:30:33.233,BTC-12OCT25-102000-P,0.001,4.0,sell,113995.14,104.87
2025-10-10 23:30:55.796,BTC-28NOV25-100000-P,0.0175,1.0,buy,114010.41,45.77
2025-10-10 23:31:03.504,BTC-24OCT25-125000-P,0.101,2.4,sell,114013.27,42.39
2025-10-10 23:31:07.180,BTC-26DEC25-85000-P,0.011,0.1,buy,113982.18,54.08
2025-10-10 23:31:10.734,BTC-26DEC25-85000-P,0.011,0.1,buy,113964.85,54.12
2025-10-10 23:31:13.354,BTC-28NOV25-135000-C,0.013,1.8,sell,113960.49,42.67
2025-10-10 23:31:23.047,BTC-31OCT25-130000-C,0.0055,0.1,buy,114009.02,43.5
2025-10-10 23:31:29.334,BTC-31OCT25-112000-P,0.0295,0.7,sell,113889.23,40.95
2025-10-10 23:31:31.997,BTC-27MAR26-95000-P,0.0445,1.2,buy,113825.47,47.6
2025-10-10 23:31:38.260,BTC-31OCT25-110000-P,0.023,0.8,sell,113916.82,41.49
2025-10-10 23:31:38.264,BTC-31OCT25-110000-P,0.023,1.8,sell,113916.82,41.49
2025-10-10 23:31:39.947,BTC-31OCT25-110000-P,0.023,1.4,sell,113931.63,41.68
2025-10-10 23:31:43.435,BTC-17OCT25-125000-C,0.002,0.2,buy,113893.84,47.54
2025-10-10 23:31:43.439,BTC-17OCT25-125000-C,0.002,2.3,sell,113893.84,47.54
2025-10-10 23:31:43.445,BTC-17OCT25-125000-C,0.002,0.2,sell,113893.84,47.54
2025-10-10 23:31:44.589,BTC-31OCT25-105000-P,0.012,0.1,sell,113912.25,44.12
2025-10-10 23:31:47.807,BTC-31OCT25-112000-P,0.0295,0.7,sell,113920.87,40.96
2025-10-10 23:31:47.840,BTC-31OCT25-112000-P,0.0295,1.1,sell,113920.87,40.96
2025-10-10 23:31:48.003,BTC-31OCT25-112000-P,0.0295,0.5,sell,113920.87,40.96
2025-10-10 23:31:48.032,BTC-31OCT25-112000-P,0.0295,0.8,sell,113920.87,40.96
2025-10-10 23:31:49.862,BTC-17OCT25-125000-C,0.002,1.3,sell,113956.23,47.39
2025-10-10 23:32:00.444,BTC-31OCT25-108000-P,0.0175,1.0,buy,114025.45,42.58
2025-10-10 23:32:10.198,BTC-24OCT25-125000-P,0.0995,0.1,sell,114059.53,40.22
2025-10-10 23:32:10.265,BTC-28NOV25-126000-C,0.0275,1.0,sell,114059.53,42.35
2025-10-10 23:32:11.236,BTC-26DEC25-95000-P,0.0215,0.1,buy,114063.69,49.1
2025-10-10 23:32:13.454,BTC-17OCT25-114000-P,0.0235,0.1,sell,114066.72,45.16
2025-10-10 23:32:16.842,BTC-17OCT25-124000-C,0.0025,2.0,sell,114103.38,46.14
2025-10-10 23:32:18.823,BTC-26DEC25-80000-P,0.008,6.6,sell,114094.12,57.48
2025-10-10 23:32:28.585,BTC-31OCT25-110000-P,0.0225,1.4,buy,114099.43,41.81
2025-10-10 23:32:31.301,BTC-26DEC25-110000-C,0.1055,0.3,sell,114056.24,44.63
2025-10-10 23:32:31.391,BTC-28NOV25-100000-P,0.0175,1.0,buy,114056.24,45.93
2025-10-10 23:32:33.677,BTC-31OCT25-105000-P,0.012,0.1,buy,114019.36,44.55
2025-10-10 23:32:36.292,BTC-31OCT25-102000-P,0.0075,0.1,sell,114046.27,45.47
2025-10-10 23:32:37.775,BTC-17OCT25-120000-C,0.0065,2.0,sell,114042.67,44.77
2025-10-10 23:32:46.561,BTC-26DEC25-110000-C,0.1055,0.1,sell,114094.12,44.61
2025-10-10 23:32:48.445,BTC-27MAR26-190000-C,0.012,0.1,buy,114038.19,47.49
2025-10-10 23:32:48.573,BTC-31OCT25-112000-P,0.029,0.7,buy,114038.19,40.98
2025-10-10 23:32:51.371,BTC-27MAR26-190000-C,0.012,0.1,buy,114040.92,47.5
2025-10-10 23:32:52.373,BTC-31OCT25-120000-P,0.0685,1.0,buy,114022.04,39.9
2025-10-10 23:32:53.894,BTC-27MAR26-190000-C,0.012,0.1,buy,114009.12,47.52
2025-10-10 23:32:56.049,BTC-28NOV25-150000-C,0.005,0.3,buy,114011.87,46.9
2025-10-10 23:32:56.284,BTC-27MAR26-190000-C,0.012,0.1,buy,114011.87,47.54
2025-10-10 23:32:58.232,BTC-28NOV25-100000-P,0.0175,1.0,buy,114019.13,45.9
2025-10-10 23:32:59.332,BTC-28NOV25-150000-C,0.005,0.1,buy,114020.5,46.89
2025-10-10 23:32:59.367,BTC-27MAR26-190000-C,0.012,0.1,buy,114004.31,47.53
2025-10-10 23:33:00.210,BTC-28NOV25-150000-C,0.005,0.8,buy,114004.31,46.9
2025-10-10 23:33:04.257,BTC-31OCT25-102000-P,0.008,2.1,sell,113974.67,46.18
2025-10-10 23:33:04.685,BTC-26DEC25-180000-C,0.0042,0.5,buy,113974.67,53.61
2025-10-10 23:33:05.226,BTC-28NOV25-150000-C,0.005,0.1,buy,113974.67,46.92
2025-10-10 23:33:05.702,BTC-28NOV25-150000-C,0.005,0.2,buy,113979.39,46.92
2025-10-10 23:33:05.712,BTC-26DEC25-180000-C,0.0042,0.1,buy,113979.39,53.62
2025-10-10 23:33:06.076,BTC-27MAR26-190000-C,0.012,0.1,buy,113979.39,47.56
2025-10-10 23:33:06.720,BTC-26DEC25-180000-C,0.0042,0.4,buy,113994.6,53.61
2025-10-10 23:33:06.770,BTC-26DEC25-180000-C,0.0042,0.1,buy,113994.6,53.61
2025-10-10 23:33:11.204,BTC-26DEC25-145000-C,0.0155,0.1,buy,113925.94,45.12
2025-10-10 23:33:11.580,BTC-17OCT25-114000-P,0.0235,5.0,sell,113925.94,43.76
2025-10-10 23:33:12.391,BTC-17OCT25-114000-P,0.0235,1.4,sell,113928.53,43.79
2025-10-10 23:33:15.015,BTC-26DEC25-180000-C,0.0042,0.5,buy,113931.57,53.68
2025-10-10 23:33:15.546,BTC-26DEC25-180000-C,0.0042,0.2,buy,113939.3,53.67
2025-10-10 23:33:15.813,BTC-31OCT25-124000-C,0.011,1.0,buy,113939.3,40.99
2025-10-10 23:33:16.043,BTC-26DEC25-180000-C,0.0042,0.2,buy,113939.3,53.67
2025-10-10 23:33:18.161,BTC-26DEC25-180000-C,0.0042,0.2,buy,113984.57,53.64
2025-10-10 23:33:18.258,BTC-26DEC25-180000-C,0.0042,0.2,buy,113984.57,53.64
2025-10-10 23:33:23.883,BTC-12OCT25-102000-P,0.001,1.0,sell,114033.03,105.11
2025-10-10 23:33:27.575,BTC-31OCT25-112000-P,0.029,1.1,sell,114051.04,40.91
2025-10-10 23:33:27.637,BTC-31OCT25-112000-P,0.029,1.7,sell,114051.04,40.91
2025-10-10 23:33:27.659,BTC-31OCT25-110000-P,0.0225,1.1,sell,114051.04,41.5
2025-10-10 23:33:27.680,BTC-31OCT25-110000-P,0.0225,0.3,sell,114051.04,41.5
2025-10-10 23:33:29.613,BTC-31OCT25-110000-P,0.0225,0.1,sell,114080.12,41.62
2025-10-10 23:33:35.125,BTC-31OCT25-135000-C,0.003,2.0,sell,114037.33,45.38
2025-10-10 23:33:36.026,BTC-31OCT25-102000-P,0.008,3.0,sell,114028.65,46.32
2025-10-10 23:33:36.153,BTC-31OCT25-136000-C,0.0029,2.0,buy,114028.65,46.58
2025-10-10 23:33:36.712,BTC-31OCT25-104000-P,0.011,1.0,buy,114030.78,45.9
2025-10-10 23:33:38.265,BTC-31OCT25-112000-P,0.029,0.7,sell,114035.1,40.86
2025-10-10 23:33:38.280,BTC-31OCT25-110000-P,0.0225,0.4,sell,114040.02,41.47
2025-10-10 23:33:38.308,BTC-31OCT25-110000-P,0.0225,0.3,sell,114040.02,41.47
2025-10-10 23:33:47.141,BTC-28NOV25-125000-C,0.0285,0.2,sell,113987.5,41.44
2025-10-10 23:33:52.646,BTC-31OCT25-104000-P,0.01,0.7,sell,113930.49,43.98
2025-10-10 23:34:00.845,BTC-24OCT25-125000-P,0.1005,0.1,sell,113956.35,39.59
2025-10-10 23:34:14.006,BTC-31OCT25-116000-P,0.046,0.1,sell,114052.38,40.33
2025-10-10 23:34:14.516,BTC-17OCT25-128000-C,0.001,1.8,buy,114052.38,48.78
2025-10-10 23:34:15.997,BTC-31OCT25-110000-P,0.0225,0.1,sell,114047.43,41.69
2025-10-10 23:34:17.101,BTC-17OCT25-114000-P,0.023,0.1,sell,114053.48,44.45
2025-10-10 23:34:28.699,BTC-26DEC25-180000-C,0.0042,0.1,buy,114098.56,53.46
2025-10-10 23:34:29.913,BTC-31OCT25-112000-P,0.0285,0.2,sell,114121.13,40.92
2025-10-10 23:34:29.914,BTC-26DEC25-180000-C,0.0042,0.6,buy,114103.43,53.46
2025-10-10 23:34:31.366,BTC-31OCT25-114000-C,0.04,0.3,sell,114129.59,40.48
2025-10-10 23:34:32.290,BTC-17OCT25-125000-C,0.0018,2.0,buy,114129.59,45.48
2025-10-10 23:34:32.688,BTC-26DEC25-180000-C,0.0042,0.1,buy,114129.59,53.44
2025-10-10 23:34:32.795,BTC-31OCT25-120000-C,0.0185,0.2,buy,114125.81,39.34
2025-10-10 23:34:32.818,BTC-26DEC25-180000-C,0.0042,0.1,buy,114129.59,53.44
2025-10-10 23:34:33.143,BTC-31OCT25-95000-P,0.0036,2.5,buy,114125.81,53.59
2025-10-10 23:34:37.223,BTC-17OCT25-118000-C,0.01,1.4,buy,114129.27,42.9
2025-10-10 23:34:38.633,BTC-31OCT25-132000-C,0.0042,0.3,buy,114138.6,43.66
2025-10-10 23:34:49.258,BTC-26DEC25-160000-C,0.008,2.0,buy,114143.07,48.16
2025-10-10 23:34:50.053,BTC-31OCT25-110000-P,0.022,0.1,sell,114143.07,41.58
2025-10-10 23:34:50.561,BTC-31OCT25-106000-P,0.0135,0.1,buy,114152.13,44.25
2025-10-10 23:34:51.311,BTC-17OCT25-114000-P,0.0225,0.1,sell,114185.29,44.84
2025-10-10 23:34:53.610,BTC-31OCT25-114000-C,0.04,0.3,sell,114191.39,40.16
2025-10-10 23:34:53.717,BTC-31OCT25-114000-C,0.04,0.2,sell,114191.39,40.16
2025-10-10 23:34:54.143,BTC-31OCT25-114000-C,0.04,0.4,sell,114191.39,40.16
2025-10-10 23:34:55.205,BTC-26DEC25-110000-C,0.1075,0.5,buy,114183.91,45.42
2025-10-10 23:34:55.205,BTC-26DEC25-110000-C,0.1075,1.0,buy,114183.91,45.42
2025-10-10 23:34:55.205,BTC-26DEC25-110000-C,0.107,0.1,buy,114183.91,45.13
2025-10-10 23:34:55.207,BTC-26DEC25-110000-C,0.1075,0.4,sell,114183.91,45.42
2025-10-10 23:34:55.306,BTC-26DEC25-160000-C,0.008,2.0,buy,114145.82,48.12
2025-10-10 23:34:55.649,BTC-31OCT25-110000-P,0.022,0.1,buy,114145.82,41.58
2025-10-10 23:34:55.991,BTC-31OCT25-112000-P,0.0285,0.1,buy,114145.82,41.11
2025-10-10 23:34:56.465,BTC-31OCT25-108000-P,0.017,0.1,buy,114150.98,42.52
2025-10-10 23:34:56.494,BTC-26DEC25-90000-P,0.0145,0.1,buy,114150.98,50.67
2025-10-10 23:34:59.252,BTC-26DEC25-90000-P,0.0145,0.1,buy,114037.77,50.51
2025-10-10 23:35:05.056,BTC-26DEC25-80000-P,0.008,0.2,sell,113986.93,57.36
2025-10-10 23:35:08.096,BTC-28NOV25-126000-C,0.026,0.1,sell,113989.86,41.24
2025-10-10 23:35:09.688,BTC-26DEC25-140000-C,0.02,3.3,sell,113980.05,44.1
2025-10-10 23:35:13.942,BTC-31OCT25-150000-C,0.0009,1.1,buy,113925.65,54.48
2025-10-10 23:35:14.765,BTC-31OCT25-112000-P,0.03,0.1,buy,113914.91,41.53
2025-10-10 23:35:18.896,BTC-31OCT25-130000-C,0.0055,1.0,buy,113944.42,43.74
2025-10-10 23:35:20.243,BTC-28NOV25-105000-P,0.027,0.1,sell,113968.41,43.8
2025-10-10 23:35:21.505,BTC-26DEC25-80000-P,0.008,0.2,sell,113975.3,57.34
2025-10-10 23:35:23.755,BTC-31OCT25-100000-P,0.006,10.0,sell,114023.21,47.45
2025-10-10 23:35:26.489,BTC-31OCT25-110000-P,0.0225,2.1,buy,114073.69,41.6
2025-10-10 23:35:26.491,BTC-31OCT25-110000-P,0.0225,0.8,sell,114073.69,41.6
2025-10-10 23:35:28.956,BTC-31OCT25-105000-P,0.0115,1.7,sell,114054.87,43.79
2025-10-10 23:35:29.764,BTC-31OCT25-100000-P,0.006,10.0,sell,114055.69,47.51
2025-10-10 23:35:29.850,BTC-17OCT25-114000-P,0.023,0.1,sell,114055.69,44.59
2025-10-10 23:35:34.163,BTC-31OCT25-104000-P,0.01,2.4,sell,114113.42,44.48
2025-10-10 23:35:34.169,BTC-31OCT25-106000-P,0.013,0.1,sell,114113.42,43.15
2025-10-10 23:35:34.179,BTC-31OCT25-100000-P,0.006,2.8,sell,114113.42,47.63
2025-10-10 23:35:41.880,BTC-17OCT25-115000-P,0.027,0.1,sell,114126.67,43.95
2025-10-10 23:35:43.226,BTC-17OCT25-115000-P,0.0275,0.1,sell,114171.95,45.36
2025-10-10 23:35:54.151,BTC-17OCT25-114000-P,0.022,0.1,sell,114249.44,44.49
2025-10-10 23:35:54.162,BTC-31OCT25-108000-P,0.0165,0.1,sell,114249.44,41.94
2025-10-10 23:35:54.302,BTC-27MAR26-145000-C,0.0495,0.2,sell,114249.44,45.08
2025-10-10 23:35:58.384,BTC-31OCT25-108000-P,0.017,1.5,buy,114278.87,42.66
2025-10-10 23:35:58.384,BTC-31OCT25-110000-P,0.022,1.8,buy,114278.87,41.77
2025-10-10 23:35:58.384,BTC-31OCT25-112000-P,0.0285,11.9,buy,114278.87,41.33
2025-10-10 23:35:58.481,BTC-31OCT25-104000-P,0.01,2.4,sell,114278.13,44.91
2025-10-10 23:35:58.717,BTC-31OCT25-115000-C,0.036,0.6,sell,114278.13,40.39
2025-10-10 23:35:59.114,BTC-31OCT25-117000-C,0.0285,0.4,buy,114278.13,40.35
2025-10-10 23:35:59.256,BTC-31OCT25-115000-C,0.036,0.6,sell,114278.13,40.39
2025-10-10 23:35:59.570,BTC-31OCT25-104000-P,0.01,1.3,sell,114273.3,44.89
2025-10-10 23:36:01.205,BTC-28NOV25-150000-C,0.005,8.5,buy,114270.54,46.68
2025-10-10 23:36:01.774,BTC-31OCT25-116000-C,0.032,1.2,sell,114260.66,40.36
2025-10-10 23:36:06.032,BTC-17OCT25-122000-P,0.0725,0.1,buy,114198.31,46.99
2025-10-10 23:36:08.027,BTC-26DEC25-180000-C,0.0042,0.3,buy,114106.77,53.4
2025-10-10 23:36:08.294,BTC-31OCT25-115000-C,0.0355,3.9,sell,114106.77,40.67
2025-10-10 23:36:08.731,BTC-26DEC25-160000-C,0.0075,0.1,buy,114103.97,47.48
2025-10-10 23:36:08.811,BTC-26DEC25-170000-C,0.005,0.1,buy,114103.97,49.61
2025-10-10 23:36:09.670,BTC-31OCT25-112000-P,0.029,3.7,buy,114136.42,41.19
2025-10-10 23:36:09.879,BTC-26DEC25-180000-C,0.0042,0.2,buy,114136.42,53.45
2025-10-10 23:36:11.308,BTC-26DEC25-145000-C,0.016,0.6,buy,114156.62,45.2
2025-10-10 23:36:12.191,BTC-31OCT25-104000-P,0.0105,1.9,sell,114129.04,45.28
2025-10-10 23:36:12.408,BTC-28NOV25-100000-P,0.0175,0.1,buy,114129.04,45.96
2025-10-10 23:36:14.323,BTC-31OCT25-115000-C,0.0355,2.3,sell,114069.57,40.86
2025-10-10 23:36:14.580,BTC-26DEC25-160000-C,0.008,2.0,buy,114075.95,48.23
2025-10-10 23:36:25.960,BTC-26DEC25-170000-C,0.0055,0.9,buy,114103.83,50.56
2025-10-10 23:36:26.680,BTC-26DEC25-135000-C,0.026,3.0,sell,114088.31,43.08
2025-10-10 23:36:26.984,BTC-31OCT25-116000-C,0.0315,2.1,sell,114088.31,40.53
2025-10-10 23:36:27.092,BTC-31OCT25-112000-P,0.0295,3.7,buy,114088.31,41.53
2025-10-10 23:36:27.092,BTC-26DEC25-160000-C,0.008,0.9,buy,114088.31,48.2
2025-10-10 23:36:27.092,BTC-26DEC25-160000-C,0.008,4.0,buy,114088.31,48.2
2025-10-10 23:36:28.331,BTC-31OCT25-115000-C,0.0355,1.3,sell,114079.31,40.78
2025-10-10 23:36:28.676,BTC-26DEC25-125000-P,0.1275,1.0,sell,114076.05,42.21
2025-10-10 23:36:29.724,BTC-31OCT25-112000-P,0.0295,1.1,buy,114086.41,41.51
2025-10-10 23:36:30.857,BTC-31OCT25-115000-C,0.0355,0.5,sell,114080.04,40.82
2025-10-10 23:36:32.656,BTC-26DEC25-160000-C,0.008,10.0,buy,114069.25,48.24
2025-10-10 23:36:33.163,BTC-31OCT25-116000-C,0.0315,2.9,sell,114069.25,40.71
2025-10-10 23:36:34.803,BTC-31OCT25-112000-P,0.0295,2.4,buy,114083.41,41.48
2025-10-10 23:36:40.419,BTC-31OCT25-104000-P,0.0105,2.5,sell,114039.22,45.06
2025-10-10 23:36:41.083,BTC-31OCT25-104000-P,0.0105,2.5,sell,114053.33,45.03
2025-10-10 23:36:41.714,BTC-31OCT25-115000-C,0.0355,0.6,sell,114080.65,40.83
2025-10-10 23:36:42.613,BTC-31OCT25-115000-C,0.0355,0.6,sell,114087.77,40.8
2025-10-10 23:36:42.644,BTC-31OCT25-112000-P,0.0295,1.5,buy,114087.77,41.48
2025-10-10 23:36:43.223,BTC-31OCT25-114000-P,0.038,1.8,buy,114087.77,41.7
2025-10-10 23:36:43.674,BTC-31OCT25-115000-C,0.035,0.6,sell,114052.86,40.42
2025-10-10 23:36:49.418,BTC-26DEC25-170000-C,0.0055,2.0,buy,114008.32,50.64
2025-10-10 23:36:50.376,BTC-31OCT25-118000-C,0.0235,100.0,sell,114008.32,39.51
2025-10-10 23:37:01.539,BTC-31OCT25-95000-P,0.0034,2.0,sell,114088.55,52.6
2025-10-10 23:37:02.640,BTC-28NOV25-108000-P,0.0345,0.8,sell,114088.55,42.81
2025-10-10 23:37:02.998,BTC-26DEC25-136000-C,0.026,0.6,buy,114123.92,44.16
2025-10-10 23:37:03.225,BTC-27MAR26-190000-C,0.0135,0.4,sell,114123.92,48.74
2025-10-10 23:37:03.948,BTC-31OCT25-114000-C,0.0405,0.5,buy,114166.56,41.35
2025-10-10 23:37:04.321,BTC-28NOV25-116000-P,0.0655,0.5,sell,114166.56,42.26
2025-10-10 23:37:04.769,BTC-31OCT25-90000-P,0.002,0.2,buy,114159.04,58.2
2025-10-10 23:37:04.918,BTC-26DEC25-135000-C,0.027,4.9,buy,114159.04,43.64
2025-10-10 23:37:04.960,BTC-26DEC25-130000-C,0.036,0.4,buy,114159.04,43.37
2025-10-10 23:37:04.986,BTC-26DEC25-180000-C,0.0035,0.1,sell,114159.04,51.7
2025-10-10 23:37:05.200,BTC-26DEC25-85000-P,0.011,0.1,buy,114159.04,54.39
2025-10-10 23:37:06.030,BTC-31OCT25-114000-C,0.0405,2.8,buy,114163.59,41.38
2025-10-10 23:37:06.155,BTC-26DEC25-190000-C,0.0028,3.6,sell,114163.59,54.63
2025-10-10 23:37:06.317,BTC-28NOV25-110000-P,0.0415,2.8,sell,114163.59,43.1
2025-10-10 23:37:06.399,BTC-26DEC25-170000-C,0.0055,8.0,buy,114209.36,50.44
2025-10-10 23:37:06.399,BTC-26DEC25-160000-C,0.0085,3.8,buy,114209.36,48.8
2025-10-10 23:37:06.399,BTC-26DEC25-160000-C,0.0085,0.9,buy,114209.36,48.8
2025-10-10 23:37:06.399,BTC-26DEC25-150000-C,0.0125,0.1,buy,114209.36,46.07
2025-10-10 23:37:07.359,BTC-26DEC25-115000-P,0.0765,2.0,buy,114209.36,43.66
2025-10-10 23:37:07.369,BTC-26DEC25-115000-P,0.0765,0.1,buy,114209.36,43.66
2025-10-10 23:37:08.628,BTC-28NOV25-108000-P,0.035,0.3,sell,114206.85,43.47
2025-10-10 23:37:08.648,BTC-28NOV25-110000-P,0.0415,1.9,sell,114206.85,43.21
2025-10-10 23:37:08.738,BTC-28NOV25-150000-C,0.005,0.8,buy,114206.85,46.73
2025-10-10 23:37:08.833,BTC-26DEC25-160000-C,0.008,7.5,sell,114209.58,48.08
2025-10-10 23:37:11.862,BTC-28NOV25-112000-P,0.049,0.6,sell,114146.51,42.91
2025-10-10 23:37:12.697,BTC-31OCT25-128000-C,0.007,2.9,buy,114157.59,42.63
2025-10-10 23:37:13.778,BTC-31OCT25-150000-C,0.0007,0.1,sell,114175.02,52.35
2025-10-10 23:37:16.408,BTC-26DEC25-150000-C,0.012,3.0,sell,114186.6,45.5
2025-10-10 23:37:16.418,BTC-17OCT25-122000-P,0.0715,0.8,buy,114216.78,43.76
2025-10-10 23:37:16.427,BTC-17OCT25-122000-P,0.0715,0.3,buy,114216.78,43.76
2025-10-10 23:37:24.250,BTC-31OCT25-118000-C,0.0244,100.0,sell,114177.51,39.93
2025-10-10 23:37:28.236,BTC-28NOV25-110000-P,0.0415,0.6,sell,114171.4,43.03
2025-10-10 23:37:28.253,BTC-28NOV25-116000-P,0.0655,0.3,sell,114171.4,42.15
2025-10-10 23:37:30.090,BTC-26DEC25-160000-C,0.0075,3.6,sell,114182.11,47.39
2025-10-10 23:37:39.253,BTC-31OCT25-120000-C,0.019,0.9,sell,114156.86,40.25
2025-10-10 23:37:39.266,BTC-31OCT25-118000-C,0.025,0.8,sell,114156.86,40.65
2025-10-10 23:37:39.437,BTC-28NOV25-116000-P,0.0655,0.5,sell,114158.85,42.08
2025-10-10 23:37:47.987,BTC-31OCT25-95000-P,0.0033,3.0,sell,114160.13,52.37
2025-10-10 23:37:49.322,BTC-31OCT25-115000-C,0.0365,0.6,buy,114182.66,41.46
2025-10-10 23:37:51.505,BTC-31OCT25-112000-P,0.029,1.3,buy,114192.2,41.39
2025-10-10 23:37:51.675,BTC-31OCT25-116000-C,0.032,0.6,sell,114190.12,40.73
2025-10-10 23:37:59.624,BTC-31OCT25-90000-P,0.0024,0.1,sell,114113.22,60.18
2025-10-10 23:38:00.322,BTC-28NOV25-112000-C,0.0735,0.5,sell,114108.85,41.57
2025-10-10 23:38:02.335,BTC-28NOV25-116000-P,0.067,0.1,buy,114069.18,42.86
2025-10-10 23:38:02.342,BTC-26DEC25-60000-P,0.0021,0.6,sell,114083.26,72.36
2025-10-10 23:38:02.344,BTC-26DEC25-115000-P,0.077,0.6,sell,114083.26,43.8
2025-10-10 23:38:02.354,BTC-26DEC25-112000-P,0.0645,0.6,sell,114083.26,44.12
2025-10-10 23:38:02.849,BTC-26DEC25-160000-C,0.0075,3.6,sell,114069.18,47.47
2025-10-10 23:38:02.860,BTC-26DEC25-160000-C,0.0075,0.1,sell,114069.18,47.47
2025-10-10 23:38:07.577,BTC-27MAR26-145000-C,0.0495,0.1,sell,114104.53,45.22
2025-10-10 23:38:08.110,BTC-26DEC25-95000-P,0.021,0.9,buy,114104.13,48.81
2025-10-10 23:38:08.830,BTC-31OCT25-112000-P,0.0295,1.0,buy,114118.25,41.58
2025-10-10 23:38:09.851,BTC-26DEC25-65000-P,0.0032,0.6,sell,114121.8,69.24
2025-10-10 23:38:13.347,BTC-26DEC25-230000-C,0.001,0.9,buy,114075.23,62.03
2025-10-10 23:38:13.357,BTC-26DEC25-220000-C,0.0012,0.9,buy,114075.23,59.97
2025-10-10 23:38:13.374,BTC-26DEC25-210000-C,0.0015,0.9,buy,114075.23,58.01
2025-10-10 23:38:15.600,BTC-27MAR26-95000-P,0.0445,0.4,sell,114083.79,47.88
2025-10-10 23:38:18.781,BTC-31OCT25-116000-C,0.032,0.5,sell,114079.95,41.25
2025-10-10 23:38:18.784,BTC-31OCT25-116000-C,0.032,0.1,sell,114079.95,41.25
2025-10-10 23:38:20.294,BTC-31OCT25-116000-C,0.032,0.5,sell,114095.51,41.25
2025-10-10 23:38:20.305,BTC-31OCT25-116000-C,0.032,0.5,sell,114095.51,41.25
2025-10-10 23:38:22.875,BTC-28NOV25-120000-C,0.043,0.1,buy,114100.71,41.89
2025-10-10 23:38:23.648,BTC-31OCT25-116000-C,0.031,100.0,sell,114128.76,39.98
2025-10-10 23:38:23.724,BTC-28NOV25-120000-C,0.043,0.6,buy,114127.93,41.84
2025-10-10 23:38:23.840,BTC-28NOV25-108000-P,0.0355,0.1,sell,114127.93,43.76
2025-10-10 23:38:24.196,BTC-26DEC25-200000-C,0.002,0.9,buy,114128.76,56.24
2025-10-10 23:38:25.491,BTC-31OCT25-112000-P,0.029,1.4,buy,114170.98,41.24
2025-10-10 23:38:29.571,BTC-31OCT25-116000-C,0.0314,100.0,sell,114196.34,40.11
2025-10-10 23:38:33.202,BTC-31OCT25-145000-C,0.001,0.1,sell,114214.69,49.23
2025-10-10 23:38:38.047,BTC-31OCT25-112000-P,0.029,0.7,buy,114226.74,41.52
2025-10-10 23:38:38.047,BTC-31OCT25-112000-P,0.029,4.4,buy,114226.74,41.52
2025-10-10 23:38:38.363,BTC-28NOV25-118000-C,0.05,0.3,buy,114226.74,41.91
2025-10-10 23:38:38.445,BTC-31OCT25-116000-C,0.0325,0.6,sell,114226.74,41.13
2025-10-10 23:38:38.445,BTC-31OCT25-116000-C,0.0325,1.0,sell,114226.74,41.13
2025-10-10 23:38:38.445,BTC-31OCT25-115000-C,0.0365,1.0,sell,114226.74,41.27
2025-10-10 23:38:38.556,BTC-31OCT25-116000-C,0.0325,0.6,buy,114226.74,41.13
2025-10-10 23:38:38.575,BTC-31OCT25-115000-C,0.0365,0.6,buy,114226.74,41.27
2025-10-10 23:38:42.519,BTC-26DEC25-160000-C,0.0075,0.1,buy,114220.07,47.34
2025-10-10 23:38:42.528,BTC-28NOV25-114000-C,0.0665,0.6,buy,114216.43,42.55
2025-10-10 23:38:43.731,BTC-31OCT25-120000-C,0.0195,0.5,sell,114237.13,40.53
2025-10-10 23:38:48.253,BTC-31OCT25-95000-P,0.0037,2.0,buy,114263.34,53.99
2025-10-10 23:38:54.691,BTC-31OCT25-70000-P,0.0005,0.1,buy,114291.93,88.36
2025-10-10 23:39:02.570,BTC-26DEC25-115000-C,0.081,0.3,sell,114276.84,42.69
2025-10-10 23:39:04.523,BTC-31OCT25-100000-P,0.006,10.0,sell,114278.89,48.0
2025-10-10 23:39:15.285,BTC-28NOV25-120000-C,0.0435,0.5,buy,114297.85,42.01
2025-10-10 23:39:17.304,BTC-28NOV25-120000-C,0.0435,0.3,buy,114295.93,42.02
2025-10-10 23:39:17.898,BTC-31OCT25-150000-C,0.0007,0.2,sell,114305.05,52.07
2025-10-10 23:39:18.363,BTC-28NOV25-108000-P,0.0345,0.8,sell,114305.05,43.17
2025-10-10 23:39:18.398,BTC-28NOV25-108000-P,0.0345,0.7,sell,114305.05,43.17
2025-10-10 23:39:18.446,BTC-28NOV25-108000-P,0.0345,0.7,sell,114305.05,43.17
2025-10-10 23:39:18.476,BTC-28NOV25-112000-C,0.0765,0.3,buy,114305.05,43.14
2025-10-10 23:39:18.682,BTC-26DEC25-105000-P,0.039,0.8,sell,114330.29,44.38
2025-10-10 23:39:18.690,BTC-31OCT25-108000-P,0.017,0.1,sell,114305.05,42.78
2025-10-10 23:39:19.132,BTC-31OCT25-150000-C,0.0007,0.8,sell,114330.29,52.07
2025-10-10 23:39:19.140,BTC-31OCT25-122000-C,0.015,0.1,sell,114330.29,40.31
2025-10-10 23:39:28.537,BTC-28NOV25-120000-P,0.084,0.4,sell,114400.01,41.44
2025-10-10 23:39:36.571,BTC-31OCT25-105000-P,0.0115,1.0,sell,114399.38,44.89
2025-10-10 23:39:45.161,BTC-26DEC25-115000-P,0.074,0.2,sell,114479.65,43.18
2025-10-10 23:39:45.873,BTC-28NOV25-120000-P,0.083,0.4,sell,114479.65,40.98
2025-10-10 23:39:48.108,BTC-17OCT25-114000-P,0.021,0.1,sell,114495.96,44.99
2025-10-10 23:39:50.681,BTC-31OCT25-116000-C,0.0335,0.6,buy,114523.7,40.7
2025-10-10 23:40:00.641,BTC-28NOV25-120000-C,0.0435,0.5,buy,114486.96,41.63
2025-10-10 23:40:00.702,BTC-28NOV25-120000-C,0.0435,0.3,buy,114486.96,41.63
2025-10-10 23:40:02.241,BTC-17OCT25-120000-C,0.007,1.0,sell,114480.28,43.42
2025-10-10 23:40:02.241,BTC-17OCT25-120000-C,0.007,1.3,sell,114480.28,43.42
2025-10-10 23:40:07.204,BTC-28NOV25-120000-P,0.083,0.4,sell,114452.64,40.9
2025-10-10 23:40:09.322,BTC-28NOV25-118000-C,0.05,0.9,buy,114468.98,41.49
2025-10-10 23:40:09.715,BTC-31OCT25-85000-P,0.002,0.1,sell,114468.98,70.38
2025-10-10 23:40:14.248,BTC-28NOV25-120000-P,0.083,0.4,sell,114435.99,40.85
2025-10-10 23:40:14.373,BTC-31OCT25-115000-P,0.0395,4.6,sell,114435.99,40.64
2025-10-10 23:40:17.328,BTC-28NOV25-120000-P,0.0825,0.4,sell,114476.9,40.66
2025-10-10 23:40:22.640,BTC-31OCT25-114000-P,0.035,0.6,sell,114524.82,40.96
2025-10-10 23:40:23.633,BTC-31OCT25-114000-P,0.035,1.3,sell,114535.48,40.97
2025-10-10 23:40:25.786,BTC-31OCT25-114000-P,0.035,0.6,sell,114540.22,41.13
2025-10-10 23:40:26.315,BTC-31OCT25-114000-P,0.035,0.5,sell,114548.18,41.05
2025-10-10 23:40:31.952,BTC-26DEC25-110000-P,0.0525,5.0,sell,114627.56,42.94
2025-10-10 23:40:39.787,BTC-31OCT25-106000-P,0.0125,0.1,sell,114671.02,44.19
2025-10-10 23:40:40.979,BTC-31OCT25-118000-P,0.0525,0.1,sell,114669.55,39.7
2025-10-10 23:40:46.684,BTC-31OCT25-112000-C,0.053,0.1,buy,114733.19,41.37
2025-10-10 23:40:46.684,BTC-31OCT25-112000-C,0.053,0.1,buy,114733.19,41.37
2025-10-10 23:40:46.684,BTC-31OCT25-110000-C,0.0645,0.1,buy,114733.19,42.1
2025-10-10 23:40:46.686,BTC-28NOV25-120000-P,0.0805,0.4,sell,114738.86,40.44
2025-10-10 23:40:50.124,BTC-28NOV25-116000-P,0.061,0.5,sell,114744.81,40.95
2025-10-10 23:40:50.153,BTC-31OCT25-116000-P,0.042,0.1,sell,114751.93,40.02
2025-10-10 23:40:54.612,BTC-17OCT25-132000-C,0.0007,0.1,sell,114725.39,53.52
2025-10-10 23:40:54.612,BTC-17OCT25-132000-C,0.0007,0.1,sell,114725.39,53.52
2025-10-10 23:40:54.613,BTC-31OCT25-116000-P,0.042,0.1,sell,114751.61,40.18
2025-10-10 23:40:57.218,BTC-31OCT25-112000-C,0.0535,0.1,buy,114725.54,41.65
2025-10-10 23:40:57.500,BTC-31OCT25-114000-C,0.0435,0.1,buy,114725.54,41.17
2025-10-10 23:40:57.577,BTC-28NOV25-120000-P,0.08,0.3,sell,114724.55,40.09
2025-10-10 23:40:57.589,BTC-28NOV25-110000-P,0.038,0.1,sell,114724.55,41.85
2025-10-10 23:40:57.614,BTC-17OCT25-132000-C,0.0007,0.1,sell,114724.55,53.51
2025-10-10 23:40:57.614,BTC-17OCT25-132000-C,0.0007,0.1,sell,114724.55,53.51
2025-10-10 23:40:58.728,BTC-26DEC25-130000-C,0.0365,5.9,buy,114724.55,42.74
2025-10-10 23:40:58.731,BTC-26DEC25-130000-C,0.0365,0.1,sell,114724.55,42.74
2025-10-10 23:40:58.731,BTC-26DEC25-130000-C,0.0365,9.0,sell,114724.55,42.74
2025-10-10 23:40:58.804,BTC-31OCT25-115000-P,0.0375,0.1,sell,114724.55,40.27
2025-10-10 23:40:59.868,BTC-28NOV25-120000-P,0.081,0.7,sell,114708.12,40.73
2025-10-10 23:41:00.572,BTC-31OCT25-114000-C,0.043,0.1,buy,114708.12,40.65
2025-10-10 23:41:00.853,BTC-31OCT25-110000-C,0.065,0.1,buy,114708.12,42.35
2025-10-10 23:41:00.853,BTC-31OCT25-112000-C,0.0535,0.1,buy,114696.39,41.56
2025-10-10 23:41:01.138,BTC-26DEC25-160000-C,0.0075,0.1,sell,114696.39,46.84
2025-10-10 23:41:02.007,BTC-31OCT25-116000-P,0.042,0.1,sell,114694.73,40.06
2025-10-10 23:41:02.031,BTC-31OCT25-122000-P,0.075,0.1,sell,114694.73,38.69
2025-10-10 23:41:03.889,BTC-31OCT25-114000-C,0.043,0.1,buy,114693.23,40.66
2025-10-10 23:41:04.153,BTC-26DEC25-160000-C,0.0075,0.1,sell,114693.23,46.84
2025-10-10 23:41:08.264,BTC-31OCT25-116000-P,0.042,0.1,sell,114711.78,40.26
2025-10-10 23:41:09.720,BTC-31OCT25-114000-C,0.043,0.1,buy,114712.56,40.47
2025-10-10 23:41:17.353,BTC-31OCT25-112000-C,0.0535,0.1,buy,114651.68,41.83
2025-10-10 23:41:17.539,BTC-31OCT25-112000-C,0.0535,0.1,buy,114651.68,41.83
2025-10-10 23:41:28.807,BTC-31OCT25-110000-C,0.0645,0.1,buy,114655.43,42.26
2025-10-10 23:41:32.809,BTC-31OCT25-118000-P,0.0525,0.4,sell,114705.93,40.12
2025-10-10 23:41:36.640,BTC-31OCT25-118000-P,0.052,0.4,sell,114727.97,39.68
2025-10-10 23:41:42.467,BTC-27MAR26-150000-C,0.0435,0.5,buy,114781.06,45.41
2025-10-10 23:41:57.304,BTC-28NOV25-100000-P,0.016,0.7,buy,114797.93,45.64
2025-10-10 23:42:05.533,BTC-26DEC25-160000-C,0.0075,0.6,sell,114839.16,46.68
2025-10-10 23:42:07.422,BTC-28NOV25-90000-P,0.007,0.1,sell,114839.17,51.88
2025-10-10 23:42:07.506,BTC-28NOV25-100000-P,0.016,0.3,buy,114839.17,45.72
2025-10-10 23:42:14.689,BTC-26DEC25-170000-C,0.0049,1.2,sell,114844.66,48.67
2025-10-10 23:42:15.050,BTC-28NOV25-114000-C,0.068,2.2,sell,114844.66,41.59
2025-10-10 23:42:15.537,BTC-28NOV25-114000-C,0.068,10.0,sell,114843.5,41.6
2025-10-10 23:42:23.677,BTC-28NOV25-120000-P,0.081,0.3,buy,114827.41,41.36
2025-10-10 23:42:24.297,BTC-17OCT25-130000-C,0.001,4.0,sell,114827.41,51.3
2025-10-10 23:42:24.990,BTC-31OCT25-95000-P,0.0031,0.1,sell,114790.85,53.17
2025-10-10 23:42:24.990,BTC-31OCT25-95000-P,0.0031,1.5,sell,114790.85,53.17
2025-10-10 23:42:24.994,BTC-31OCT25-95000-P,0.0031,8.0,buy,114790.85,53.17
2025-10-10 23:42:25.000,BTC-31OCT25-95000-P,0.0031,0.4,buy,114790.85,53.17
2025-10-10 23:42:28.345,BTC-31OCT25-100000-P,0.005,0.1,sell,114787.09,46.98
2025-10-10 23:42:28.345,BTC-31OCT25-100000-P,0.005,10.7,sell,114787.09,46.98
2025-10-10 23:42:28.348,BTC-31OCT25-100000-P,0.005,3.3,buy,114787.09,46.98
2025-10-10 23:42:28.348,BTC-31OCT25-100000-P,0.005,15.9,buy,114787.09,46.98
2025-10-10 23:42:28.416,BTC-31OCT25-105000-P,0.0105,1.0,sell,114787.09,44.51
2025-10-10 23:42:29.231,BTC-31OCT25-112000-C,0.0535,0.1,buy,114780.37,41.31
2025-10-10 23:42:29.489,BTC-31OCT25-112000-C,0.0535,0.1,buy,114780.37,41.31
2025-10-10 23:42:29.773,BTC-26DEC25-120000-C,0.065,0.8,buy,114780.37,42.99
2025-10-10 23:42:32.233,BTC-31OCT25-112000-C,0.0535,0.1,buy,114777.36,41.34
2025-10-10 23:42:32.490,BTC-31OCT25-112000-C,0.0535,0.1,buy,114777.36,41.34
2025-10-10 23:42:35.492,BTC-31OCT25-112000-C,0.0535,0.1,buy,114796.66,41.28
2025-10-10 23:42:36.443,BTC-31OCT25-112000-C,0.0535,0.1,buy,114790.67,41.22
2025-10-10 23:42:43.965,BTC-31OCT25-112000-C,0.0535,0.1,buy,114710.78,41.64
2025-10-10 23:42:44.660,BTC-17OCT25-130000-C,0.001,4.0,sell,114710.78,51.63
2025-10-10 23:42:45.536,BTC-31OCT25-114000-C,0.0425,0.1,sell,114701.59,40.17
2025-10-10 23:42:46.551,BTC-31OCT25-112000-C,0.053,0.1,buy,114686.36,41.21
2025-10-10 23:42:48.464,BTC-31OCT25-112000-C,0.053,0.1,buy,114670.29,41.39
2025-10-10 23:42:49.557,BTC-31OCT25-112000-C,0.053,0.1,buy,114687.85,41.3
2025-10-10 23:42:58.105,BTC-26DEC25-115000-P,0.0725,5.0,buy,114669.21,43.1
2025-10-10 23:42:58.213,BTC-26DEC25-85000-P,0.0105,2.3,sell,114669.21,54.46
2025-10-10 23:42:58.712,BTC-26DEC25-85000-P,0.0105,0.3,sell,114669.21,54.46
2025-10-10 23:42:58.780,BTC-26DEC25-85000-P,0.0105,0.2,sell,114669.21,54.46
2025-10-10 23:42:59.621,BTC-26DEC25-85000-P,0.0105,0.2,sell,114652.77,54.43
2025-10-10 23:43:00.463,BTC-26DEC25-85000-P,0.0105,0.2,sell,114662.65,54.42
2025-10-10 23:43:04.216,BTC-26DEC25-85000-P,0.0105,0.4,sell,114687.98,54.47
2025-10-10 23:43:06.018,BTC-26DEC25-160000-C,0.0075,3.6,sell,114721.99,46.76
2025-10-10 23:43:06.020,BTC-26DEC25-160000-C,0.0075,4.4,sell,114721.99,46.76
2025-10-10 23:43:06.029,BTC-26DEC25-160000-C,0.0075,0.1,sell,114721.99,46.76
2025-10-10 23:43:07.578,BTC-26DEC25-230000-C,0.0009,9.0,buy,114726.85,60.75
2025-10-10 23:43:09.115,BTC-28NOV25-100000-P,0.0165,1.0,buy,114699.9,46.01
2025-10-10 23:43:09.336,BTC-28NOV25-110000-P,0.038,2.1,buy,114696.19,41.93
2025-10-10 23:43:09.347,BTC-28NOV25-110000-P,0.038,0.1,buy,114696.19,41.93
2025-10-10 23:43:09.355,BTC-28NOV25-110000-P,0.038,2.1,buy,114696.19,41.93
2025-10-10 23:43:10.134,BTC-28NOV25-110000-P,0.038,2.1,buy,114696.19,41.93
2025-10-10 23:43:13.799,BTC-28NOV25-110000-P,0.038,3.5,buy,114691.42,41.94
2025-10-10 23:43:15.233,BTC-17OCT25-130000-C,0.001,4.0,sell,114659.93,51.63
2025-10-10 23:43:19.178,BTC-31OCT25-116000-C,0.034,3.0,sell,114618.06,40.39
2025-10-10 23:43:25.459,BTC-17OCT25-130000-C,0.001,3.0,sell,114514.23,52.19
2025-10-10 23:44:00.120,BTC-26DEC25-110000-P,0.052,0.4,sell,114652.27,42.93
2025-10-10 23:44:01.026,BTC-26DEC25-85000-P,0.0105,1.3,sell,114652.27,54.44
2025-10-10 23:44:03.434,BTC-26DEC25-85000-P,0.0105,0.1,sell,114680.24,54.46
2025-10-10 23:44:05.368,BTC-26DEC25-110000-P,0.052,0.5,sell,114657.34,42.95
2025-10-10 23:44:09.474,BTC-31OCT25-120000-C,0.02,0.6,sell,114685.12,39.12
2025-10-10 23:44:16.156,BTC-26DEC25-140000-C,0.021,0.6,sell,114687.98,43.76
2025-10-10 23:44:25.119,BTC-26DEC25-140000-C,0.021,7.9,sell,114760.15,43.66
2025-10-10 23:44:29.373,BTC-26DEC25-140000-C,0.021,1.5,sell,114809.7,43.6
2025-10-10 23:44:32.013,BTC-31OCT25-100000-P,0.005,5.0,sell,114823.19,47.14
2025-10-10 23:44:41.934,BTC-17OCT25-130000-C,0.001,1.0,sell,114754.23,51.32
2025-10-10 23:44:45.955,BTC-28NOV25-135000-C,0.0145,0.1,buy,114722.47,43.0
2025-10-10 23:44:53.129,BTC-13OCT25-112000-P,0.0065,5.0,buy,114764.8,50.56
2025-10-10 23:44:59.161,BTC-17OCT25-125000-C,0.0027,2.0,sell,114747.47,47.11
2025-10-10 23:45:06.050,BTC-28NOV25-100000-P,0.016,1.0,buy,114714.12,45.63
2025-10-10 23:45:12.294,BTC-31OCT25-100000-P,0.005,5.0,sell,114687.1,46.93
2025-10-10 23:45:14.434,BTC-31OCT25-150000-C,0.0008,11.4,buy,114660.35,52.25
2025-10-10 23:45:14.438,BTC-31OCT25-150000-C,0.0008,38.7,sell,114660.35,52.25
2025-10-10 23:45:19.973,BTC-31OCT25-112000-C,0.0535,0.1,buy,114662.96,41.45
2025-10-10 23:45:23.933,BTC-31OCT25-122000-P,0.077,0.1,buy,114654.39,41.43
2025-10-10 23:46:10.908,BTC-31OCT25-116000-C,0.033,100.0,sell,114544.76,39.47
2025-10-10 23:46:11.606,BTC-28NOV25-108000-P,0.033,0.1,sell,114542.55,42.95
2025-10-10 23:46:29.819,BTC-31OCT25-116000-C,0.033,100.0,sell,114489.89,39.63
2025-10-10 23:46:35.166,BTC-17OCT25-116000-C,0.019,0.4,buy,114470.44,45.42
2025-10-10 23:46:35.203,BTC-17OCT25-116000-C,0.019,2.0,buy,114470.44,45.42
2025-10-10 23:46:37.255,BTC-26DEC25-160000-C,0.007,3.6,sell,114461.23,46.19
2025-10-10 23:47:03.096,BTC-28NOV25-116000-C,0.058,0.3,sell,114397.13,41.39
2025-10-10 23:47:05.534,BTC-31OCT25-120000-C,0.02,0.4,sell,114368.79,39.87
2025-10-10 23:47:08.930,BTC-26DEC25-160000-C,0.007,0.1,sell,114343.87,46.32
2025-10-10 23:47:09.466,BTC-26DEC25-160000-C,0.007,0.2,sell,114324.06,46.33
2025-10-10 23:47:09.637,BTC-26DEC25-160000-C,0.007,0.2,sell,114324.06,46.33
2025-10-10 23:47:10.333,BTC-26DEC25-160000-C,0.007,0.4,sell,114321.44,46.34
2025-10-10 23:47:10.470,BTC-26DEC25-160000-C,0.007,0.1,sell,114321.44,46.34
2025-10-10 23:47:12.723,BTC-13OCT25-122000-C,0.0011,0.1,buy,114260.26,51.42
2025-10-10 23:47:12.723,BTC-13OCT25-122000-C,0.0011,7.6,buy,114260.26,51.42
2025-10-10 23:47:17.704,BTC-26DEC25-115000-C,0.0825,0.1,buy,114329.1,42.96
2025-10-10 23:47:47.558,BTC-31OCT25-106000-P,0.0135,2.0,buy,114291.36,45.07
2025-10-10 23:47:48.597,BTC-31OCT25-136000-C,0.0025,2.0,sell,114290.43,44.32
2025-10-10 23:47:55.357,BTC-31OCT25-115000-C,0.0375,0.1,buy,114291.72,40.94
2025-10-10 23:47:59.046,BTC-31OCT25-108000-P,0.016,3.6,buy,114292.84,42.13
2025-10-10 23:48:04.622,BTC-26DEC25-115000-C,0.083,0.1,buy,114293.67,43.24
2025-10-10 23:48:05.237,BTC-26DEC25-160000-C,0.007,0.1,sell,114293.67,46.33
2025-10-10 23:48:05.549,BTC-26DEC25-160000-C,0.007,0.5,sell,114299.52,46.32
2025-10-10 23:48:09.484,BTC-24OCT25-126000-C,0.0049,0.1,sell,114272.83,42.03
2025-10-10 23:48:10.382,BTC-31OCT25-114000-P,0.036,2.0,buy,114258.5,41.55
2025-10-10 23:48:16.399,BTC-28NOV25-114000-C,0.066,0.6,sell,114229.67,41.77
2025-10-10 23:48:16.519,BTC-28NOV25-114000-C,0.066,0.6,sell,114229.67,41.77
2025-10-10 23:48:24.883,BTC-26DEC25-150000-C,0.0115,0.1,sell,114174.48,44.75
2025-10-10 23:48:29.781,BTC-28NOV25-114000-C,0.066,0.6,sell,114208.71,41.82
2025-10-10 23:48:46.737,BTC-31OCT25-105000-P,0.011,1.0,buy,114135.11,43.8
2025-10-10 23:49:01.184,BTC-31OCT25-112000-P,0.0275,0.5,sell,114172.98,40.58
2025-10-10 23:49:02.241,BTC-31OCT25-112000-P,0.0275,0.7,sell,114182.3,40.65
2025-10-10 23:49:04.150,BTC-24OCT25-116000-P,0.0385,0.1,sell,114203.79,41.22
2025-10-10 23:49:06.937,BTC-24OCT25-116000-P,0.0385,0.1,sell,114144.75,40.81
2025-10-10 23:49:14.172,BTC-26DEC25-125000-C,0.047,1.6,sell,114114.35,42.52
2025-10-10 23:49:14.956,BTC-31OCT25-112000-P,0.0285,0.7,sell,114079.38,41.3
2025-10-10 23:49:16.904,BTC-31OCT25-132000-C,0.004,2.0,sell,114017.77,43.17
2025-10-10 23:49:17.521,BTC-28NOV25-100000-P,0.0175,0.2,buy,114011.01,46.03
2025-10-10 23:49:17.661,BTC-28NOV25-100000-P,0.0175,0.8,buy,114011.01,46.03
2025-10-10 23:49:27.617,BTC-17OCT25-125000-C,0.0019,250.0,sell,113917.12,46.08
2025-10-10 23:49:33.237,BTC-27MAR26-115000-P,0.108,0.1,buy,113839.71,44.4
2025-10-10 23:49:43.818,BTC-17OCT25-125000-C,0.0017,250.0,sell,113802.94,45.34
2025-10-10 23:49:44.580,BTC-28NOV25-125000-C,0.028,2.0,sell,113793.51,41.3
2025-10-10 23:49:48.297,BTC-28NOV25-100000-P,0.018,1.0,buy,113758.07,46.05
2025-10-10 23:49:51.086,BTC-31OCT25-95000-P,0.0035,0.1,sell,113761.87,52.67
2025-10-10 23:49:52.455,BTC-31OCT25-106000-P,0.014,0.7,sell,113793.38,44.12
2025-10-10 23:49:57.228,BTC-17OCT25-125000-C,0.0018,250.0,sell,113802.56,45.98
2025-10-10 23:50:15.602,BTC-31OCT25-108000-P,0.0185,2.0,buy,113701.07,43.2
2025-10-10 23:50:18.708,BTC-17OCT25-125000-C,0.0017,250.0,sell,113680.0,45.89
2025-10-10 23:50:19.348,BTC-17OCT25-124000-C,0.0024,4.0,sell,113703.4,46.31
2025-10-10 23:50:54.353,BTC-26DEC25-140000-C,0.019,0.2,sell,113620.29,43.44
2025-10-10 23:50:56.808,BTC-28NOV25-100000-P,0.018,1.0,buy,113627.83,45.8
2025-10-10 23:51:04.464,BTC-28NOV25-100000-P,0.018,1.0,buy,113589.07,45.72
2025-10-10 23:51:10.016,BTC-31OCT25-110000-C,0.0585,0.1,buy,113542.54,41.86
2025-10-10 23:51:10.136,BTC-31OCT25-110000-C,0.0585,0.1,buy,113542.54,41.86
2025-10-10 23:51:12.474,BTC-28NOV25-130000-C,0.0185,0.1,sell,113519.78,41.9
2025-10-10 23:51:13.028,BTC-31OCT25-110000-C,0.0585,0.1,buy,113524.47,41.93
2025-10-10 23:51:15.167,BTC-31OCT25-112000-P,0.0315,1.9,buy,113512.21,42.26
2025-10-10 23:51:16.141,BTC-31OCT25-110000-C,0.0585,0.1,buy,113510.57,41.98
2025-10-10 23:51:17.237,BTC-28NOV25-100000-P,0.0185,1.8,buy,113506.26,46.14
2025-10-10 23:51:17.625,BTC-28NOV25-100000-P,0.0185,1.1,buy,113506.26,46.14
2025-10-10 23:51:18.524,BTC-28NOV25-100000-P,0.0185,1.0,buy,113433.27,46.02
2025-10-10 23:51:19.235,BTC-26DEC25-115000-C,0.079,0.2,sell,113394.5,43.08
2025-10-10 23:51:20.312,BTC-28NOV25-100000-P,0.0185,1.1,buy,113382.88,45.96
2025-10-10 23:51:22.506,BTC-26DEC25-65000-P,0.0033,0.1,buy,113362.68,69.1
2025-10-10 23:51:30.395,BTC-31OCT25-110000-C,0.058,0.1,buy,113374.34,42.25
2025-10-10 23:51:32.167,BTC-17OCT25-125000-C,0.0016,250.0,sell,113360.15,46.45
2025-10-10 23:51:33.521,BTC-31OCT25-110000-C,0.058,0.1,buy,113361.4,42.25
2025-10-10 23:51:34.407,BTC-31OCT25-112000-C,0.0475,0.1,buy,113343.9,41.88
2025-10-10 23:51:34.439,BTC-31OCT25-114000-C,0.038,0.1,buy,113343.9,41.29
2025-10-10 23:51:36.589,BTC-31OCT25-110000-C,0.058,0.1,buy,113318.8,42.49
2025-10-10 23:51:37.683,BTC-31OCT25-112000-C,0.0475,0.1,buy,113348.13,42.11
2025-10-10 23:51:37.841,BTC-31OCT25-122000-P,0.086,0.1,sell,113348.13,40.61
2025-10-10 23:51:37.901,BTC-31OCT25-112000-C,0.0475,0.1,buy,113348.13,42.11
2025-10-10 23:51:38.664,BTC-31OCT25-110000-C,0.0585,0.1,buy,113387.25,42.68
2025-10-10 23:51:38.898,BTC-31OCT25-105000-C,0.0905,0.1,buy,113387.25,45.18
2025-10-10 23:51:38.932,BTC-28NOV25-90000-P,0.008,0.1,sell,113387.25,51.79
2025-10-10 23:51:39.013,BTC-26DEC25-105000-P,0.0425,1.0,sell,113387.25,45.14
2025-10-10 23:51:40.164,BTC-31OCT25-116000-P,0.0495,0.1,sell,113460.37,41.62
2025-10-10 23:51:40.164,BTC-31OCT25-115000-P,0.0445,0.1,sell,113460.37,41.68
2025-10-10 23:51:41.765,BTC-31OCT25-122000-C,0.014,1.3,buy,113501.31,40.88
2025-10-10 23:51:41.770,BTC-26DEC25-145000-C,0.0145,0.5,sell,113501.31,44.32
2025-10-10 23:51:46.081,BTC-31OCT25-112000-P,0.0315,7.9,sell,113522.45,42.28
2025-10-10 23:51:46.090,BTC-31OCT25-112000-P,0.0315,1.1,buy,113522.45,42.28
2025-10-10 23:51:47.232,BTC-26DEC25-145000-C,0.0145,0.1,sell,113538.67,44.28
2025-10-10 23:51:47.757,BTC-31OCT25-112000-C,0.048,0.1,buy,113513.18,41.58
2025-10-10 23:51:48.693,BTC-31OCT25-112000-C,0.048,0.1,buy,113504.0,41.72
2025-10-10 23:51:50.515,BTC-31OCT25-110000-C,0.0585,0.1,buy,113499.61,42.08
2025-10-10 23:51:50.533,BTC-31OCT25-110000-C,0.0585,0.1,buy,113499.61,42.08
2025-10-10 23:51:50.983,BTC-26DEC25-145000-C,0.0145,0.1,sell,113499.61,44.33
2025-10-10 23:51:50.995,BTC-31OCT25-112000-C,0.048,0.1,buy,113499.61,41.78
2025-10-10 23:51:51.878,BTC-31OCT25-112000-C,0.048,0.1,buy,113488.79,41.87
2025-10-10 23:51:52.886,BTC-26DEC25-95000-P,0.0215,0.1,buy,113478.48,48.62
2025-10-10 23:51:53.330,BTC-31OCT25-145000-C,0.001,0.1,sell,113478.48,50.0
2025-10-10 23:51:54.163,BTC-31OCT25-136000-C,0.0024,2.0,sell,113484.9,45.46
2025-10-10 23:51:57.152,BTC-26DEC25-95000-P,0.0215,1.0,buy,113476.09,48.62
2025-10-10 23:52:00.851,BTC-28NOV25-100000-P,0.0185,0.7,buy,113474.32,45.96
2025-10-10 23:52:00.864,BTC-28NOV25-100000-P,0.0185,0.3,buy,113474.32,45.96
2025-10-10 23:52:10.782,BTC-31OCT25-116000-C,0.03,0.1,buy,113446.52,40.92
2025-10-10 23:52:12.381,BTC-31OCT25-116000-C,0.03,0.7,buy,113419.63,41.04
2025-10-10 23:52:16.656,BTC-26DEC25-120000-C,0.06,0.2,sell,113379.06,42.77
2025-10-10 23:52:16.656,BTC-26DEC25-120000-C,0.06,0.1,sell,113379.06,42.77
2025-10-10 23:52:16.656,BTC-26DEC25-120000-C,0.06,0.1,sell,113379.06,42.77
2025-10-10 23:52:20.000,BTC-26DEC25-160000-C,0.007,0.1,buy,113342.04,47.26
2025-10-10 23:52:20.746,BTC-31OCT25-122000-C,0.0135,0.4,buy,113351.76,40.85
2025-10-10 23:52:20.803,BTC-31OCT25-122000-C,0.0135,0.1,buy,113351.76,40.85
2025-10-10 23:52:23.660,BTC-17OCT25-125000-C,0.0016,100.0,sell,113340.18,46.35
2025-10-10 23:52:44.363,BTC-17OCT25-125000-C,0.0015,100.0,sell,113396.4,45.64
2025-10-10 23:52:51.423,BTC-31OCT25-106000-P,0.015,0.1,sell,113425.67,44.15
2025-10-10 23:53:07.643,BTC-26DEC25-150000-C,0.012,0.1,buy,113446.48,46.1
2025-10-10 23:53:07.645,BTC-26DEC25-150000-C,0.012,4.8,sell,113446.48,46.1
2025-10-10 23:53:07.646,BTC-26DEC25-150000-C,0.012,2.1,sell,113446.48,46.1
2025-10-10 23:53:07.646,BTC-26DEC25-150000-C,0.012,3.0,sell,113446.48,46.1
2025-10-10 23:53:08.123,BTC-31OCT25-118000-C,0.023,1.0,sell,113432.2,40.63
2025-10-10 23:53:16.977,BTC-31OCT25-112000-P,0.0325,1.8,buy,113419.26,42.31
2025-10-10 23:53:19.959,BTC-13OCT25-122000-C,0.0009,0.6,sell,113414.65,54.34
2025-10-10 23:53:24.743,BTC-26DEC25-150000-C,0.012,3.2,buy,113451.79,46.1
2025-10-10 23:53:24.743,BTC-26DEC25-150000-C,0.012,3.1,buy,113451.79,46.1
2025-10-10 23:53:24.745,BTC-26DEC25-150000-C,0.012,3.7,sell,113451.79,46.1
2025-10-10 23:53:33.477,BTC-28NOV25-80000-P,0.0038,0.1,sell,113465.84,59.81
2025-10-10 23:53:46.066,BTC-26DEC25-130000-C,0.0345,0.1,buy,113359.18,43.38
2025-10-10 23:53:52.997,BTC-26DEC25-110000-C,0.1005,0.1,sell,113306.63,43.2
2025-10-10 23:54:03.232,BTC-31OCT25-116000-C,0.0295,2.3,buy,113297.68,41.37
2025-10-10 23:54:03.306,BTC-31OCT25-116000-C,0.0295,0.3,buy,113297.68,41.37
2025-10-10 23:54:03.451,BTC-31OCT25-116000-C,0.0295,0.4,buy,113297.68,41.37
2025-10-10 23:54:03.911,BTC-31OCT25-116000-C,0.0295,1.1,buy,113332.93,41.23
2025-10-10 23:54:03.911,BTC-31OCT25-116000-C,0.0295,2.0,buy,113332.93,41.23
2025-10-10 23:54:04.197,BTC-31OCT25-116000-C,0.0295,3.9,buy,113332.93,41.23
2025-10-10 23:54:04.197,BTC-31OCT25-116000-C,0.0295,1.9,buy,113332.93,41.23
2025-10-10 23:54:05.039,BTC-31OCT25-116000-C,0.0295,1.0,buy,113345.94,41.18
2025-10-10 23:54:05.348,BTC-31OCT25-116000-C,0.0295,0.2,buy,113345.94,41.18
2025-10-10 23:54:05.892,BTC-31OCT25-116000-C,0.0295,0.4,buy,113373.39,41.18
2025-10-10 23:54:05.914,BTC-31OCT25-112000-P,0.0325,1.1,buy,113373.39,41.86
2025-10-10 23:54:06.730,BTC-31OCT25-116000-C,0.0295,0.6,buy,113373.39,41.18
2025-10-10 23:54:06.730,BTC-31OCT25-116000-C,0.0295,1.5,buy,113373.39,41.18
2025-10-10 23:54:09.293,BTC-31OCT25-116000-C,0.0295,1.6,buy,113390.75,41.0
2025-10-10 23:54:11.819,BTC-31OCT25-112000-P,0.0325,2.4,buy,113393.88,42.06
2025-10-10 23:54:17.210,BTC-31OCT25-116000-C,0.0295,0.1,buy,113397.82,40.99
2025-10-10 23:54:17.210,BTC-31OCT25-116000-C,0.0295,2.8,buy,113397.82,40.99
2025-10-10 23:54:17.252,BTC-31OCT25-112000-P,0.0325,1.0,buy,113397.82,42.07
2025-10-10 23:54:23.418,BTC-17OCT25-128000-C,0.0012,0.1,sell,113311.77,52.43
2025-10-10 23:54:23.765,BTC-26DEC25-70000-P,0.0044,0.1,buy,113311.77,64.59
2025-10-10 23:54:27.778,BTC-28NOV25-100000-P,0.019,1.0,buy,113286.78,45.9
2025-10-10 23:54:28.848,BTC-26DEC25-85000-P,0.0115,0.1,buy,113276.63,54.19
2025-10-10 23:54:28.848,BTC-26DEC25-85000-P,0.0115,0.1,buy,113276.63,54.19
2025-10-10 23:54:28.848,BTC-26DEC25-85000-P,0.0115,0.1,buy,113276.63,54.19
2025-10-10 23:54:31.189,BTC-27MAR26-95000-P,0.0445,1.1,buy,113275.34,47.13
2025-10-10 23:54:33.978,BTC-26DEC25-70000-P,0.0045,0.1,buy,113183.35,64.75
2025-10-10 23:54:34.479,BTC-31OCT25-112000-P,0.0335,0.1,buy,113183.35,42.22
2025-10-10 23:54:43.263,BTC-17OCT25-125000-C,0.0015,250.0,sell,113168.31,46.64
2025-10-10 23:54:50.760,BTC-28NOV25-150000-C,0.0044,0.1,sell,113159.43,46.78
2025-10-10 23:54:54.646,BTC-26DEC25-105000-P,0.0435,1.0,sell,113170.71,45.29
2025-10-10 23:54:54.663,BTC-31OCT25-116000-C,0.029,2.7,buy,113170.71,41.39
2025-10-10 23:54:54.724,BTC-31OCT25-116000-C,0.029,0.1,buy,113170.71,41.39
2025-10-10 23:54:54.731,BTC-31OCT25-116000-C,0.029,0.1,buy,113170.71,41.39
2025-10-10 23:54:54.882,BTC-31OCT25-114000-P,0.042,0.5,sell,113170.71,41.64
2025-10-10 23:54:54.901,BTC-31OCT25-114000-P,0.0425,0.1,buy,113170.71,42.17
2025-10-10 23:54:57.221,BTC-31OCT25-112000-P,0.0335,0.5,sell,113189.4,42.17
2025-10-10 23:54:59.481,BTC-31OCT25-114000-P,0.0425,2.0,buy,113184.49,42.23
2025-10-10 23:55:00.746,BTC-28NOV25-100000-P,0.0195,0.6,buy,113181.52,46.18
2025-10-10 23:55:00.868,BTC-31OCT25-116000-C,0.029,2.0,buy,113183.24,41.34
2025-10-10 23:55:00.868,BTC-31OCT25-116000-C,0.029,3.3,buy,113183.24,41.34
2025-10-10 23:55:03.731,BTC-31OCT25-116000-C,0.029,0.1,buy,113222.28,41.19
2025-10-10 23:55:03.745,BTC-31OCT25-116000-C,0.029,0.1,buy,113222.28,41.19
2025-10-10 23:55:06.729,BTC-31OCT25-116000-C,0.029,0.1,buy,113266.03,41.03
2025-10-10 23:55:07.738,BTC-31OCT25-116000-C,0.029,1.4,buy,113240.0,41.13
2025-10-10 23:55:07.738,BTC-31OCT25-116000-C,0.029,4.2,buy,113240.0,41.13
2025-10-10 23:55:08.224,BTC-28NOV25-130000-C,0.0185,1.0,sell,113292.14,42.64
2025-10-10 23:55:08.320,BTC-28NOV25-135000-C,0.0125,0.3,sell,113292.14,43.27
2025-10-10 23:55:08.837,BTC-17OCT25-113000-P,0.023,0.1,sell,113292.14,47.3
2025-10-10 23:55:09.073,BTC-17OCT25-113000-P,0.0225,0.1,sell,113292.14,46.34
2025-10-10 23:55:09.193,BTC-31OCT25-116000-C,0.029,2.3,buy,113292.14,40.93
2025-10-10 23:55:09.193,BTC-31OCT25-116000-C,0.029,0.8,buy,113292.14,40.93
2025-10-10 23:55:09.663,BTC-31OCT25-116000-C,0.029,0.1,buy,113292.14,40.93
2025-10-10 23:55:09.663,BTC-31OCT25-116000-C,0.029,1.9,buy,113292.14,40.93
2025-10-10 23:55:09.732,BTC-31OCT25-116000-C,0.029,0.1,buy,113292.14,40.93
2025-10-10 23:55:10.607,BTC-31OCT25-116000-C,0.029,5.0,buy,113290.68,40.95
2025-10-10 23:55:10.607,BTC-31OCT25-116000-C,0.029,5.0,buy,113290.68,40.95
2025-10-10 23:55:10.607,BTC-31OCT25-116000-C,0.029,5.0,buy,113290.68,40.95
2025-10-10 23:55:10.607,BTC-31OCT25-116000-C,0.029,3.0,buy,113290.68,40.95
2025-10-10 23:55:10.607,BTC-31OCT25-116000-C,0.029,5.0,buy,113290.68,40.95
2025-10-10 23:55:10.607,BTC-31OCT25-116000-C,0.029,5.0,buy,113290.68,40.95
2025-10-10 23:55:10.607,BTC-31OCT25-116000-C,0.029,5.0,buy,113290.68,40.95
2025-10-10 23:55:10.607,BTC-31OCT25-116000-C,0.029,5.0,buy,113290.68,40.95
2025-10-10 23:55:10.607,BTC-31OCT25-116000-C,0.029,5.0,buy,113290.68,40.95
2025-10-10 23:55:10.607,BTC-31OCT25-116000-C,0.029,5.0,buy,113290.68,40.95
2025-10-10 23:55:10.607,BTC-31OCT25-116000-C,0.029,5.0,buy,113290.68,40.95
2025-10-10 23:55:10.607,BTC-31OCT25-116000-C,0.029,5.0,buy,113290.68,40.95
2025-10-10 23:55:10.607,BTC-31OCT25-116000-C,0.029,5.0,buy,113290.68,40.95
2025-10-10 23:55:10.607,BTC-31OCT25-116000-C,0.029,5.0,buy,113290.68,40.95
2025-10-10 23:55:10.765,BTC-31OCT25-118000-C,0.024,1.0,buy,113290.68,42.44
2025-10-10 23:55:13.914,BTC-17OCT25-113000-P,0.023,0.1,sell,113263.74,47.07
2025-10-10 23:55:17.274,BTC-17OCT25-113000-P,0.023,0.1,sell,113261.17,47.04
2025-10-10 23:55:19.531,BTC-28NOV25-114000-C,0.0615,0.6,sell,113239.69,42.07
2025-10-10 23:55:25.349,BTC-17OCT25-113000-P,0.0235,0.1,sell,113165.94,47.18
2025-10-10 23:55:29.231,BTC-31OCT25-118000-C,0.0225,2.0,sell,113140.16,41.25
2025-10-10 23:55:34.473,BTC-17OCT25-113000-P,0.024,2.0,sell,113012.19,46.78
2025-10-10 23:55:34.484,BTC-17OCT25-113000-P,0.024,0.1,sell,113012.19,46.78
2025-10-10 23:55:37.999,BTC-26DEC25-85000-P,0.012,18.3,buy,113027.84,54.55
2025-10-10 23:55:39.414,BTC-31OCT25-120000-P,0.0765,1.5,buy,113039.26,41.19
2025-10-10 23:55:41.231,BTC-26DEC25-85000-P,0.012,1.7,sell,113032.74,54.56
2025-10-10 23:55:45.871,BTC-17OCT25-113000-P,0.0235,0.1,sell,113140.38,46.92
2025-10-10 23:55:48.937,BTC-31OCT25-132000-C,0.0037,0.1,sell,113124.63,44.46
2025-10-10 23:55:57.187,BTC-26DEC25-160000-C,0.007,5.0,sell,113167.21,47.5
2025-10-10 23:56:02.418,BTC-28NOV25-100000-P,0.0195,0.2,buy,113155.3,46.2
2025-10-10 23:56:03.622,BTC-17OCT25-125000-C,0.0018,0.4,sell,113162.58,48.57
2025-10-10 23:56:03.629,BTC-17OCT25-125000-C,0.0018,0.6,buy,113162.58,48.57
2025-10-10 23:56:04.037,BTC-26DEC25-95000-P,0.022,1.0,buy,113162.58,48.48
2025-10-10 23:56:05.843,BTC-28NOV25-100000-P,0.0195,0.1,buy,113169.42,46.18
2025-10-10 23:56:05.857,BTC-28NOV25-100000-P,0.0195,0.1,buy,113169.42,46.18
2025-10-10 23:56:05.869,BTC-28NOV25-114000-C,0.0615,0.1,sell,113169.42,42.28
2025-10-10 23:56:05.971,BTC-28NOV25-114000-C,0.0615,0.1,sell,113169.42,42.28
2025-10-10 23:56:05.972,BTC-28NOV25-100000-P,0.0195,0.2,buy,113169.42,46.18
2025-10-10 23:56:09.064,BTC-28NOV25-100000-P,0.0195,0.1,buy,113142.26,46.12
2025-10-10 23:56:09.527,BTC-28NOV25-100000-P,0.0195,0.1,buy,113145.83,46.14
2025-10-10 23:56:09.587,BTC-28NOV25-100000-P,0.0195,0.1,buy,113145.83,46.14
2025-10-10 23:56:09.887,BTC-26DEC25-140000-C,0.0195,1.9,sell,113145.83,44.5
2025-10-10 23:56:13.698,BTC-31OCT25-116000-C,0.029,2.5,sell,113058.04,41.82
2025-10-10 23:56:14.246,BTC-28NOV25-100000-P,0.0195,0.5,buy,113058.04,45.97
2025-10-10 23:56:22.462,BTC-28NOV25-100000-P,0.0195,0.1,sell,113033.2,45.91
2025-10-10 23:56:26.232,BTC-26DEC25-120000-C,0.059,0.1,sell,112999.24,43.06
2025-10-10 23:56:27.902,BTC-28NOV25-118000-C,0.046,0.1,sell,112991.1,42.35
2025-10-10 23:56:37.518,BTC-28NOV25-100000-P,0.0195,0.1,buy,113086.83,45.99
2025-10-10 23:56:48.468,BTC-28NOV25-120000-C,0.039,2.3,sell,113068.48,41.65
2025-10-10 23:56:48.468,BTC-28NOV25-120000-C,0.039,0.9,sell,113068.48,41.65
2025-10-10 23:56:48.468,BTC-28NOV25-120000-C,0.039,0.8,sell,113068.48,41.65
2025-10-10 23:56:48.470,BTC-28NOV25-120000-C,0.039,2.0,buy,113068.48,41.65
2025-10-10 23:56:53.609,BTC-31OCT25-108000-P,0.021,0.1,sell,113120.44,43.73
2025-10-10 23:56:58.004,BTC-28NOV25-114000-C,0.0615,0.6,sell,113112.6,42.39
2025-10-10 23:57:00.436,BTC-28NOV25-90000-P,0.0085,0.1,sell,113079.54,51.97
2025-10-10 23:57:00.480,BTC-17OCT25-113000-P,0.0235,1.1,sell,113076.35,46.51
2025-10-10 23:57:00.563,BTC-31OCT25-95000-P,0.0043,0.1,sell,113079.54,53.57
2025-10-10 23:57:23.248,BTC-31OCT25-105000-P,0.0145,1.0,buy,113062.53,45.48
2025-10-10 23:57:29.972,BTC-26DEC25-110000-C,0.0995,0.6,sell,112991.86,43.52
2025-10-10 23:57:40.898,BTC-31OCT25-128000-C,0.006,2.3,sell,113037.82,43.05
2025-10-10 23:57:40.898,BTC-31OCT25-128000-C,0.006,2.7,sell,113037.82,43.05
2025-10-10 23:57:46.848,BTC-17OCT25-113000-P,0.024,0.1,sell,113111.92,47.78
2025-10-10 23:57:49.624,BTC-31OCT25-108000-P,0.021,0.1,sell,113152.01,43.83
2025-10-10 23:57:55.545,BTC-17OCT25-113000-P,0.0235,0.1,sell,113160.59,47.25
2025-10-10 23:57:59.424,BTC-31OCT25-116000-C,0.029,2.7,sell,113187.04,41.36
2025-10-10 23:57:59.424,BTC-31OCT25-116000-C,0.029,0.6,sell,113187.04,41.36
2025-10-10 23:57:59.593,BTC-31OCT25-116000-C,0.029,0.6,sell,113187.04,41.36
2025-10-10 23:57:59.595,BTC-31OCT25-116000-C,0.029,0.1,buy,113187.04,41.36
2025-10-10 23:57:59.601,BTC-31OCT25-116000-C,0.029,2.2,buy,113187.04,41.36
2025-10-10 23:57:59.602,BTC-31OCT25-116000-C,0.029,1.2,buy,113187.04,41.36
2025-10-10 23:57:59.961,BTC-31OCT25-70000-P,0.0003,0.1,sell,113187.04,81.66
2025-10-10 23:58:02.600,BTC-31OCT25-116000-C,0.029,0.1,buy,113186.31,41.36
2025-10-10 23:58:03.362,BTC-31OCT25-116000-C,0.029,0.8,buy,113188.64,41.35
2025-10-10 23:58:03.362,BTC-31OCT25-116000-C,0.029,2.0,buy,113188.64,41.35
2025-10-10 23:58:04.263,BTC-31OCT25-128000-C,0.0065,0.1,buy,113170.55,43.73
2025-10-10 23:58:04.816,BTC-31OCT25-125000-C,0.0095,0.1,buy,113170.55,42.9
2025-10-10 23:58:05.602,BTC-31OCT25-116000-C,0.029,0.1,buy,113169.27,41.43
2025-10-10 23:58:05.627,BTC-31OCT25-116000-C,0.029,0.3,buy,113169.27,41.43
2025-10-10 23:58:06.681,BTC-31OCT25-116000-C,0.029,0.6,buy,113150.85,41.51
2025-10-10 23:58:07.496,BTC-31OCT25-116000-C,0.029,2.0,buy,113167.67,41.44
2025-10-10 23:58:07.496,BTC-31OCT25-116000-C,0.029,0.9,buy,113167.67,41.44
2025-10-10 23:58:07.562,BTC-31OCT25-95000-P,0.0041,0.9,sell,113167.67,53.12
2025-10-10 23:58:07.563,BTC-31OCT25-116000-C,0.029,0.9,buy,113167.67,41.44
2025-10-10 23:58:07.649,BTC-31OCT25-116000-C,0.029,0.3,buy,113167.67,41.44
2025-10-10 23:58:08.603,BTC-31OCT25-116000-C,0.029,0.1,buy,113198.85,41.32
2025-10-10 23:58:10.430,BTC-17OCT25-113000-P,0.0235,0.1,sell,113237.23,47.93
2025-10-10 23:58:10.953,BTC-31OCT25-116000-C,0.029,3.7,buy,113237.23,41.18
2025-10-10 23:58:10.953,BTC-31OCT25-116000-C,0.029,5.0,buy,113237.23,41.18
2025-10-10 23:58:10.953,BTC-31OCT25-116000-C,0.029,3.5,buy,113237.23,41.18
2025-10-10 23:58:10.953,BTC-31OCT25-116000-C,0.029,2.8,buy,113237.23,41.18
2025-10-10 23:58:10.953,BTC-31OCT25-116000-C,0.029,5.0,buy,113237.23,41.18
2025-10-10 23:58:10.953,BTC-31OCT25-116000-C,0.029,5.0,buy,113237.23,41.18
2025-10-10 23:58:10.953,BTC-31OCT25-116000-C,0.029,5.0,buy,113237.23,41.18
2025-10-10 23:58:10.979,BTC-31OCT25-116000-C,0.029,1.0,buy,113237.23,41.18
2025-10-10 23:58:11.602,BTC-31OCT25-116000-C,0.029,0.1,buy,113232.78,41.2
2025-10-10 23:58:12.425,BTC-31OCT25-116000-C,0.029,0.9,buy,113232.58,41.2
2025-10-10 23:58:12.425,BTC-31OCT25-116000-C,0.029,0.2,buy,113232.58,41.2
2025-10-10 23:58:12.425,BTC-31OCT25-116000-C,0.029,5.0,buy,113232.58,41.2
2025-10-10 23:58:13.578,BTC-17OCT25-113000-P,0.0235,0.1,sell,113229.66,47.86
2025-10-10 23:58:14.604,BTC-31OCT25-116000-C,0.029,0.1,buy,113241.24,41.16
2025-10-10 23:58:17.605,BTC-31OCT25-116000-C,0.029,0.1,buy,113231.54,41.2
2025-10-10 23:58:17.777,BTC-17OCT25-113000-P,0.0235,0.1,sell,113225.52,47.84
2025-10-10 23:58:20.485,BTC-17OCT25-113000-P,0.0235,0.1,sell,113244.0,48.0
2025-10-10 23:58:20.606,BTC-31OCT25-116000-C,0.029,0.1,buy,113244.0,41.15
2025-10-10 23:58:21.343,BTC-31OCT25-116000-C,0.029,5.0,buy,113241.53,41.16
2025-10-10 23:58:21.343,BTC-31OCT25-116000-C,0.029,5.0,buy,113241.53,41.16
2025-10-10 23:58:21.343,BTC-31OCT25-116000-C,0.029,5.0,buy,113241.53,41.16
2025-10-10 23:58:21.343,BTC-31OCT25-116000-C,0.029,5.0,buy,113241.53,41.16
2025-10-10 23:58:21.343,BTC-31OCT25-116000-C,0.029,3.8,buy,113241.53,41.16
2025-10-10 23:58:21.343,BTC-31OCT25-116000-C,0.029,5.0,buy,113241.53,41.16
2025-10-10 23:58:21.343,BTC-31OCT25-116000-C,0.029,5.0,buy,113241.53,41.16
2025-10-10 23:58:21.343,BTC-31OCT25-116000-C,0.029,5.0,buy,113241.53,41.16
2025-10-10 23:58:21.343,BTC-31OCT25-116000-C,0.029,5.0,buy,113241.53,41.16
2025-10-10 23:58:21.343,BTC-31OCT25-116000-C,0.029,5.0,buy,113241.53,41.16
2025-10-10 23:58:23.576,BTC-17OCT25-113000-P,0.0235,0.1,sell,113243.53,47.99
2025-10-10 23:58:25.539,BTC-17OCT25-113000-P,0.023,0.1,sell,113242.87,47.02
2025-10-10 23:58:26.019,BTC-17OCT25-113000-P,0.023,0.1,sell,113253.49,47.11
2025-10-10 23:58:29.676,BTC-17OCT25-113000-P,0.0235,0.1,sell,113274.51,48.25
2025-10-10 23:58:53.212,BTC-28NOV25-100000-P,0.019,1.0,buy,113213.84,45.82
2025-10-10 23:58:59.613,BTC-26DEC25-110000-C,0.1005,2.1,sell,113224.16,43.47
2025-10-10 23:59:00.830,BTC-31OCT25-95000-P,0.0041,2.2,sell,113196.17,53.23
2025-10-10 23:59:03.741,BTC-28NOV25-100000-P,0.0195,0.3,buy,113151.65,46.19
2025-10-10 23:59:03.965,BTC-28NOV25-100000-P,0.0195,0.2,buy,113151.65,46.19
2025-10-10 23:59:04.438,BTC-31OCT25-126000-C,0.009,5.0,buy,113141.64,44.34
2025-10-10 23:59:04.641,BTC-31OCT25-126000-C,0.009,5.0,buy,113141.64,44.34
2025-10-10 23:59:04.781,BTC-31OCT25-126000-C,0.009,5.0,buy,113141.64,44.34
2025-10-10 23:59:04.929,BTC-31OCT25-126000-C,0.009,5.0,buy,113141.64,44.34
2025-10-10 23:59:05.075,BTC-28NOV25-100000-P,0.0195,0.2,buy,113141.64,46.17
2025-10-10 23:59:05.083,BTC-31OCT25-126000-C,0.009,5.0,buy,113141.64,44.34
2025-10-10 23:59:05.086,BTC-31OCT25-126000-C,0.0085,4.9,sell,113141.64,43.49
2025-10-10 23:59:05.104,BTC-28NOV25-100000-P,0.0195,0.3,buy,113141.64,46.17
2025-10-10 23:59:05.112,BTC-31OCT25-126000-C,0.0085,0.1,sell,113141.64,43.49
2025-10-10 23:59:05.122,BTC-31OCT25-126000-C,0.0085,1.0,sell,113141.64,43.49
2025-10-10 23:59:05.331,BTC-31OCT25-126000-C,0.009,4.0,buy,113136.83,44.36
2025-10-10 23:59:05.446,BTC-31OCT25-128000-C,0.0065,1.8,buy,113136.83,43.87
2025-10-10 23:59:05.456,BTC-31OCT25-126000-C,0.009,5.0,buy,113136.83,44.36
2025-10-10 23:59:05.599,BTC-31OCT25-126000-C,0.009,5.0,buy,113136.83,44.36
2025-10-10 23:59:05.738,BTC-31OCT25-126000-C,0.009,5.0,buy,113136.83,44.36
2025-10-10 23:59:05.864,BTC-31OCT25-126000-C,0.009,5.0,buy,113136.83,44.36
2025-10-10 23:59:05.873,BTC-31OCT25-126000-C,0.0085,5.0,sell,113136.83,43.51
2025-10-10 23:59:10.430,BTC-31OCT25-116000-C,0.029,0.5,sell,113110.88,41.62
2025-10-10 23:59:20.915,BTC-31OCT25-128000-C,0.0065,0.2,buy,113104.23,43.93
2025-10-10 23:59:30.897,BTC-28NOV25-100000-P,0.0195,1.0,buy,113108.41,46.13
2025-10-10 23:59:51.179,BTC-28NOV25-114000-C,0.0615,0.1,sell,113018.05,42.63
